"Id","Ref","SLATM-L2(+r)"
4155,-5.43,-5.69
3359,-6.95,-7.7
4487,-5.21,-4.72
2428,33.19,31.06
5599,-41.86,-42.64
3549,-1.98,-2.22
4865,-2.96,-1.83
6486,3.82,6.92
4556,5.89,5.12
3885,14.4,14.72
6070,-7.72,-6.8
6223,11.21,9.85
3978,-18.5,-18.15
6682,-10.92,-16.03
1840,-17.16,-16.78
7093,2.68,7.28
3253,27.5,27.27
5141,-22.79,-21.04
809,-5.58,-5.54
6447,18.04,17.66
3044,-0.71,-0.97
2115,-1.56,-1.41
2348,4.74,4.83
5015,-34.06,-32.58
3094,32.46,29.87
6810,-6.18,-5.77
6022,22.92,22.76
1566,-4.87,-4.56
1052,-17.62,-16.77
923,39.5,39.03
5926,5.17,5.94
1232,-11.56,-12.3
4955,17.35,27.43
4133,16.5,16.53
937,-15,-14.88
3106,0.05,2.05
3287,-12.67,-11.65
5538,4.91,3.08
1558,-10.17,-8.44
6984,-4.79,-4.7
3376,-44.24,-44.52
3993,-2.87,-2.4
2722,9.89,9.96
4544,-29.83,-29.96
6668,9.85,12.12
824,-13.37,-13.81
2913,6.65,5.31
3216,-14.1,-15.83
527,19.45,18.33
6374,5.1,5.57
1588,16.18,14.82
6096,-18.94,-16.07
6629,-0.31,-0.59
866,28.88,29.53
3397,-7.36,-5.26
5307,9.18,8.78
6333,17.95,17.67
6453,21.91,20.7
631,31.26,31
1257,-2.21,-1.62
894,-24.6,-24.42
2367,-23.95,-23.49
2238,-19.49,-20.5
502,18.28,18.11
6782,6.18,6.33
114,-3.26,-3.5
472,46.33,47.05
5682,-10.35,-10.56
2123,-20.31,-20.44
2909,-8.02,-7.74
1206,-10.01,-10.41
2647,15.71,15.64
2996,3.95,3.6
3968,-1.3,-1.47
2169,-25.73,-25.28
6254,16.49,16.86
1180,-11.98,-12.63
4147,24.76,24.15
4203,-5.51,-5.54
4427,40.42,39.45
4295,-7.71,-7.73
5581,9.23,9.87
2845,-5.27,-3.39
6788,-18.51,-18.13
5146,-27.01,-24.97
3328,-27.83,-27.22
3985,-19.57,-19.61
6643,-22.55,-23.91
5498,-17.85,-17.73
5726,-26.77,-26.49
5454,16.29,16.22
4204,-2.21,-2.39
6997,0.11,-0.65
4575,-2.35,-3.49
510,20.98,20.34
1526,-12.58,0.359999999999999
5302,4.14,3.25
4607,9.01,11.01
6397,18.76,18.82
4431,8.4,9.15
5075,16.28,15.27
4747,6.61,6.53
5956,29.1,30.13
3448,-10.98,-10.34
2419,26.42,25.07
5424,-38.27,-36.66
6998,-30.84,-31.87
540,4.86,6.24
5221,3.4,3.49
2144,-4.89,-4.48
6152,-15.53,-17.07
5629,-15.91,-17.43
3342,-12.88,-12.49
2446,-23.36,-21.52
4028,-16.61,-16.65
4611,23.45,23.31
2120,20.18,19.45
5018,7.36,6.95
2620,0.46,-1.69
3203,-31.31,-30.6
2948,32.41,32.21
1790,-5.87,-3.12
1093,-2.85,-2.71
7091,50.86,59.89
5889,-15.5,-30.21
1888,-3.04,-2.4
2175,-31.79,-31.57
3773,-19.2,-19.48
696,-6.76,-6.8
4231,8.62,8.45
5660,2.19,1.69
6582,0.11,1.26
1057,22.97,22.45
6400,-41.01,-39.73
4891,6.9,6.86
6599,-45.01,-45.13
5787,20.25,19.08
6603,-41.98,-45.82
6576,-38.71,-38.3
2503,-27.69,-26.91
4878,-25.09,-27.73
2792,13.07,12.65
3603,-2.73,-2.38
6933,-9.65,-16.92
2916,-34.65,-36.18
4277,8.26,8.92
2970,25.79,25.37
4252,34.45,34.7
4453,32.66,31.2
3026,14.32,14.62
3070,19.24,19.59
3298,-19.15,-20.53
4614,21.71,24.91
3997,13.28,12.27
1098,13.96,13.63
6947,-36.66,-35.68
1665,4.7,1.67
4974,-5.92,-5.05
3197,-13.25,-13.41
3506,26.93,26.35
281,1.51,1.61
3229,-22.67,-23.25
2701,-5.94,-6.23
337,11.98,10.35
2839,7.24,6.93
431,0.57,-0.0800000000000001
3077,-7.94,-6.35
4732,-47.47,-48.7
4962,39.65,40.54
6816,8.95,4.37
6826,6.78,8.53
2934,-12.5,-13.95
4835,-44.94,-46.26
3623,-22.06,-23.22
90,-19.55,-19.85
6584,-26.68,-26.36
3852,4.11,4.01
4475,26.23,25.76
5354,-38.74,-36.96
813,-6.66,-6.54
6034,24.52,24.38
2379,1.2,1.36
3734,6.97,6.29
6141,-2.07,-2.39
6140,-12.81,-12.75
3733,13.84,12.98
6966,-8.6,-8.09
6787,16.88,13.85
5115,-3.36,-4.19
5381,-12.35,-9.95
192,-1.57,-1.77
5065,-29.42,-29.6
2754,6.86,7.02
4193,3.63,3.4
5890,-23.3,-24.45
385,4.31,3.84
5076,0.57,0.15
830,-4.56,-4.56
164,17.64,17.87
4619,-2.77,-3.39
4540,-24.3,-23.72
2834,-10.86,-9.55
4838,-36.72,-36.63
566,-2.34,-4.66
6939,45.22,48.91
5393,-26.82,-27.17
3304,-26.12,-25.71
2842,24.64,25.21
5774,-7.99,-9.77
1396,16.45,16.59
132,8.16,7.69
1548,-3.87,-4.47
1857,-27.85,-26.35
2127,-11.33,-11.42
2459,8.01,7.71
2836,2.46,1.92
5684,-16.69,-16.26
4162,13.1,13.66
4455,41.77,42.07
1328,-18.91,-19.05
5702,-9.13,-9.32
1046,-9.06,-9.57
3,16.62,15.9
2635,14.22,14.89
4180,30.31,29.94
3278,-13.46,-14.68
5083,-27.14,-27.65
5283,12.48,12.03
5329,16.2,15.54
6480,-7.09,-6.3
4459,35.86,36.3
1873,-8.77,-9.02
3504,2.38,1.5
4786,-45,-45.08
2520,6.93,6.15
2141,-16.36,-17.19
3762,7.3,7.66
2101,-24.37,-23.84
67,-9.97,-9.94
1872,5.6,5.23
6791,-14.18,-13.52
969,-4.52,-3.83
6210,6.91,7.86
538,1.49,0.98
882,-20.97,-20.68
1562,-10.26,-11.26
5556,28.81,28.57
6534,-43.46,-40.14
1831,-12.8,-12.97
599,10.52,10.91
2986,-17.86,-17.36
6959,-29.63,-30.18
730,6.89,6.84
6680,-22.6,-23.08
6828,5.34,6.48
1455,53.19,54.35
6207,-25.15,-25.76
3819,7,7.31
1039,10.93,10.98
4698,14.75,15.62
7067,-19.05,-19.59
5551,29.36,28.18
4270,-6.31,-5.92
110,-7.14,-7.21
2848,8.58,11.79
306,-7.19,-7.54
6450,30.03,28.82
7114,47.03,47.19
4200,0.48,1.19
121,8.35,7.91
6547,25,26.63
6094,7.21,6.24
2538,13,11.71
4810,7.15,5.81
4870,18.86,19.23
2297,0.78,-0.55
6752,7.78,8.12
675,-13.32,-13.8
2595,11.28,11.23
6683,-10.4,-12.14
7113,72.57,71.49
5000,3.14,1.69
6737,-16.82,-15.05
4495,-5.9,-6
3305,-15.67,-15.14
5842,8.57,8.56
6858,21.82,21.33
5513,-47.66,-46.63
7122,4.52,3.11
3543,0.6,0.4
3931,-29.59,-31.05
4384,-16.03,-15.86
3227,-19.87,-17.91
6575,-49.35,-49.99
4091,7.08,6.89
401,15.43,14.67
75,-3.96,-4.22
2251,6.3,6.67
2898,-31.44,-31.7
293,-8.52,-8.28
1777,-24.71,-22.69
4260,-2.87,-4.7
4386,1.35,1.1
4847,-31.32,-31.49
6496,-16.32,-13.94
3831,-15.04,-14.52
7090,-13.99,-13
4290,22.16,22.87
6517,-18.47,-18.79
6007,-28.94,-35.25
6956,47.35,56.5
765,-17.27,-17.68
4305,24.18,23.13
1484,7.76,7.84
3136,-6.21,-6.57
7144,-43.5,-43.63
5363,6.28,6.55
5720,9.24,9.05
5378,-0.31,0.7
3295,-21.57,-21.09
2669,13.15,12.79
2840,26.2,25.23
7028,-22.52,-22.69
4555,29.27,39.11
1227,-19.84,-19.83
5665,-18.46,-17.92
4908,-32.8,-34.78
5,17.75,17.41
2185,-23.93,-24.59
3163,-8.34,-8.67
1277,-16.88,-15.96
4563,2.17,0.71
6725,20.09,20.3
1875,-8.73,-8.23
2523,17.1,14.19
3035,-22.13,-21.98
5672,19.88,19.25
6625,-4.7,-3.77
1946,2.69,3
6318,30.3,30.02
4167,0.6,0.58
2673,15.66,15.37
5173,-34.44,-32.79
4199,-2.74,-2.23
1134,-20.15,-20.97
6779,-30.66,-24.76
1263,-13.48,-12.48
2305,-12.32,-12.81
933,48.68,48.92
4949,4.31,1.1
4664,11.34,-5.27
418,13.05,12.29
4122,-3.57,-3.46
530,14.03,14.51
2402,-6.09,-7.32
2559,-7.2,-6.41
2614,7.73,9.5
1339,-1.1,-1.16
6763,-3.63,-2.22
2666,13.79,13.38
6307,-22.95,-24.08
4773,5.56,5.52
3155,21.44,26.63
3331,-11.82,-13.13
4536,5.03,4.56
6586,15.11,15.92
410,10.19,10.11
1164,54.88,54.63
6202,14.21,14.01
6885,30.05,27.8
2439,-13.16,-13.4
1686,4.16,6.66
6003,-25.93,-26.11
3051,36.19,36.16
5831,31.13,29.95
3572,37.69,37.13
5827,5.03,2.06
3939,1.78,-0.82
184,4.78,5.17
3729,-6.79,-7.04
4817,-5.64,-6.43
4569,24.04,23.97
6649,-33.46,-35.64
7188,35.55,34.33
1955,-9.97,-9.67
5825,25.59,25.23
7037,37.85,36.64
3810,-13.73,-13.61
7035,35.53,34.49
2027,3.27,3.56
2355,-6.75,-6.35
2884,-12.97,-13.29
4396,-23.18,-22.87
759,-0.17,-0.05
1301,-22.78,-23.21
4214,11.37,12.06
344,34.16,34
3953,-5.14,-5.87
6775,-41.25,-39.28
1252,18.42,17.06
3979,5.43,5.77
2863,-26.89,-27.48
182,26.49,26.81
4205,2.39,1.15
5367,-14.54,-16.08
1964,6.34,7.04
2861,-18.57,-18.14
1942,-1.81,-1.51
6593,-20.56,-20.12
1729,-6.51,-6.97
5071,16.13,16.69
5678,-4.96,-4.41
454,-9.06,-8.68
5765,-0.98,-1.52
681,0.49,0.98
2176,-13.48,-12.7
2983,-30.62,-30.06
159,-5.56,-6.19
224,-1.33,-1.34
4834,-20.39,-20.03
406,17.3,16.63
1172,59.98,59.91
2333,1.52,1.49
3261,-14.74,-13.87
3389,-3.76,-3.66
345,7.16,5.95
1401,12.65,12.63
6869,11.26,11.28
2790,37.39,37.04
4542,-3.06,-2.92
1021,-20.08,-20.06
4799,22.81,22.65
5833,6.45,5.28
3102,24.76,25.01
2751,-16.45,-17.42
6153,9.6,9.76
4367,36.65,37.01
1371,22.42,21.91
6948,-23.95,-21.92
4341,-40.16,-39.35
5784,-32.59,-32.24
1671,-2.65,0.34
2365,-0.05,-0.33
5937,1.99,2.33
883,6.44,7.93
2232,-21.09,-21.89
4174,21.77,21.28
6354,33.06,28.24
4869,-6.94,-11.05
5592,9.13,7.93
3497,18.34,17.78
5183,-24.77,-23.87
1728,6.85,6.35
3846,-8.37,-7.87
2073,0.79,0.67
3807,-25.78,-26.46
5631,20.61,20.49
6777,-27.57,-27.53
6161,-31.99,-35.44
905,-6.48,-6.2
5294,-7.93,-8.01
6460,4.01,4.38
3752,6.37,6.08
6670,4.12,7.32
177,-5.76,-6.27
1387,-11.71,-11.96
6708,-2.59,-2.53
4426,16.8,16.45
289,-4.38,-4.81
6356,-0.95,-1.18
4731,-46.07,-46.54
6768,14.31,14.94
6551,37.05,37.3
7136,-2.73,-1.9
2737,7.1,6.59
544,11.84,12.21
6482,43.75,43.49
2933,-13.44,-16.68
7097,87.32,90.16
1724,-24.17,-22.83
6089,-50.26,-49.95
3998,17.78,17.8
100,23.26,22.83
6958,-30.17,-28.15
3584,11.34,11.37
3560,4.99,5.54
4393,-25.17,-26.2
2617,-15.6,-14.62
2026,-8.7,-9.82
893,-15.71,-13.26
5040,-28.85,-28.02
3258,-29.44,-27.88
5610,-41.62,-41.82
2472,46.09,46.51
6299,-1.35,-1.94
4861,0.36,-1.62
2602,-21.97,-22.72
2243,15.68,15.92
6383,-19.71,-18.87
4400,-10.91,-12.33
2830,30.71,31.46
4135,18.62,18.63
1595,9.86,9.78
1512,31.71,31.54
1202,-10.71,-9.67
5149,-38.01,-38.06
601,-14.64,-13.69
6601,-47.15,-54.1
6386,-18.41,-19.18
5488,-26.27,-26.95
757,3.21,3.31
1144,14.46,14.8
2785,23.26,21.88
2106,-20.24,-20.09
4584,32.27,30.88
850,13.29,13.02
1891,-11.67,-12.58
1764,-13.64,-12.55
6619,-9.08,-8.65
6924,-6.32,-3
2206,13.07,13.43
3917,-31.07,-31.45
7027,10.47,8.64
3288,-12.04,-12.76
1084,4.96,4.78
5241,-12.62,-12.46
654,-14.33,-14.27
5597,-35.45,-35.94
5607,-4.26,-6.13
367,-26.18,-26.01
2301,-14.36,-14.74
5895,-17.24,-18.43
5091,-31.9,-32.44
6940,-9.72,-12.68
3045,17.28,17.52
105,5.99,5.86
1436,11.31,11.27
1997,41.36,40.64
595,-10.42,-10.95
3724,-31.95,-31.96
1923,-5.63,-5.39
6220,16.81,17.87
1347,24.6,24.51
5632,-1.83,-3.17
725,8.9,9.02
3025,16.76,15.51
6851,71.77,70.27
2788,30.86,28.57
3856,6.37,5.57
6900,6.97,3.9
6431,3.83,6.1
6225,-34.41,-36.88
5396,-30.68,-31.94
5229,-10.97,-10.68
3805,-13.7,-13.41
5824,-27.47,-28.62
2088,-14.27,-13.83
3515,7.81,6.97
6288,-4.62,-2.9
3813,-28.33,-29.63
3458,2.63,3.02
2905,-9.19,-10.11
2427,-9.87,-10.37
5925,2.35,1.52
1772,-11.45,-11.54
1707,13.05,14.99
1167,-21.54,-22.8
3386,-0.95,-2.9
2810,-9.18,-8.1
1249,-8.98,-7.38
319,14.48,14.27
2655,16.74,16.89
6863,9.71,9.72
223,-5.57,-4.29
6036,11.65,12.9
5063,-10.55,-10.28
7135,-21.15,-22.16
803,-17.5,-17.87
3048,40.26,38.65
1360,45.08,45.03
4899,-3.25,-0.63
2761,1.46,2.21
4582,22.96,26.25
3534,22.41,21.97
3036,-23.81,-22.72
4930,21.78,21.54
6164,-21.75,-18.19
1368,23.55,23.44
4995,2.75,2.61
3573,58.47,58.56
6201,-37.04,-40.48
4641,-5.67,-6.86
3062,25.09,25.68
5567,28.95,28.33
7142,-36.07,-35.55
1220,-20.61,-20.24
1976,5.05,5.31
1766,-24.93,-24.81
6500,-7.29,-4.35
6053,0.72,2.21
6092,-36.3,-36.1
1229,-10.56,-9.51
2896,-25.97,-27.61
4114,-6.86,-6.01
4842,-29.51,-40.64
4839,-29.27,-29.66
44,2.71,2.42
865,7.6,7.28
5346,-27.07,-28.7
1834,-13.45,-14.2
6274,-23.85,-22.76
557,6.26,6.23
5168,-41.67,-42.86
4022,21.52,21.36
3340,5.86,6.54
3428,-13.59,-14.12
2858,-10.75,-10.92
2534,-2.78,-2.24
4906,-18.89,-19.38
2354,8.2,6.99
2244,16.15,16.41
3241,-7.92,-7.99
2556,6.03,6.28
4785,-46.37,-45.78
568,-11.51,-11.53
2265,16.21,15.94
3889,-1.43,-1.44
6065,7.46,8.07
3400,7.98,6.63
4751,-8.74,-15.94
102,-0.65,-0.75
54,35.92,36.29
6980,-28.4,-31.34
1463,13.28,13.08
2383,2.01,1.33
2370,-5.5,-5.27
4775,7.42,7.31
4795,19.27,18.2
2875,37.05,37.46
4859,-19.99,-22.97
89,-3.93,-4.92
2309,-6.45,-4.54
1991,-3.01,-0.31
4701,-1.49,-1.03
229,-3.18,-3.28
2296,-3.05,-2.36
5216,2.98,4.8
4376,-22.68,-21.03
201,21.79,22.13
3600,-9.87,-9.67
2339,2.82,2.47
1667,3.92,5.15
6280,-27.94,-29.58
4980,16.15,11.77
6857,65.55,66.06
299,30.98,32.08
68,-7.2,-8.56
1203,-6.92,-7.41
4738,-46.07,-46.54
3753,-5.49,-4.73
3798,-22.96,-24.14
46,-1.07,-1.35
4866,-0.68,0.77
1776,-28.25,-27.29
2316,-6.22,-6.19
3687,11.99,12.06
653,-5.69,-6.22
387,37.16,37.24
1895,-11.57,-11.82
3923,-7.44,-7.16
6484,-4.7,-3.26
1676,1.54,1.2
2252,1.44,1.86
2942,9.35,9.74
307,-1.84,-1.2
3356,-19.8,-20.71
570,-10.28,-10.11
119,6.87,6.38
125,13.56,13.3
1115,-22.55,-23.94
6821,15.56,15.58
5219,5.97,5.59
2152,18.93,18.29
6456,16.86,17.99
4923,11.99,10.71
4218,-2.24,-2.11
2657,5.57,5.09
705,2.96,2.34
2334,10.87,10.98
3008,1.74,1.87
4433,-11.37,-11.76
1785,-1.51,-2.37
4748,-1.78,-2.31
6604,-35.97,-39.89
726,18.2,18.31
2118,-19.85,-19.58
3472,-4.6,-4.77
5514,13.42,12.98
4262,-7.73,-6.89
1349,46.66,46.73
4123,10.43,10.88
5854,45.11,45.31
3173,-2.08,-2.18
1488,-10.5,-10.16
4507,14.32,14.59
1539,20.2,20.41
2794,13.45,14.4
3693,-6.28,-6.37
5191,-10.35,-9.66
2456,-0.13,-0.8
7020,-27.49,-25.39
2352,2.14,1.88
11,-10.9,-9.35
1803,-2.75,-4.37
4188,-4.54,-5.03
2662,13.71,13.86
3562,25.7,26.42
660,33.23,34.03
6436,27.61,28.62
5983,6.76,6.6
1370,23.82,23.53
2906,-25.14,-25.73
1564,14.74,15.1
3731,17.82,17.1
3755,10.82,10.34
780,-1.96,-2.19
2086,6.28,5.54
1099,0.22,-0.22
2148,-0.83,0.04
3845,13.66,14.46
84,-2.43,-2.11
4624,5.37,4.79
617,5.98,6.16
6138,7.67,8.47
4587,8.84,9.03
4669,-0.48,0.46
846,-22.31,-21.97
428,-20.6,-20.35
5371,-3.65,-2.58
6232,14.17,14.5
2047,31.89,31.54
3377,13.1,13.38
2802,1.72,2.72
5308,13.62,13.14
4294,-4.58,-6.2
2801,3.15,4.01
4108,-4.74,-6.74
6942,-29.61,-30
1306,11.09,9.44
3744,-14.98,-14.77
2867,-12.82,-13.72
1476,-7.29,-6.67
4313,-18.96,-18.52
6829,9.17,9.39
4739,-21.26,-22.68
1327,-15.82,-14.61
2340,5.33,4.8
95,18.21,18
5349,-12.32,-12.38
965,12.59,11.71
415,7.63,7.26
2191,15.82,15.32
3495,-2.03,-2.15
4481,0.32,1.11
785,11.34,11.2
2741,-3.04,-2.57
171,11.9,11.95
7075,52.65,64.96
5175,24.6,23.09
2636,-14.29,-14.72
5006,12.03,12.03
6507,-41.42,-34.8
5129,12.92,16.48
334,-10.66,-8.31
1001,42.59,42.87
520,-10.57,-10.29
5222,0.18,-0.2
645,41,41.14
60,-15.53,-16.62
1125,-18.51,-18.6
5172,18.84,18.19
4851,-34.83,-35.63
18,11.07,10.85
5837,13.84,14.15
6495,-16.71,-16.61
6558,4.78,1.6
1718,-6.05,-5.81
5435,34.3,34.51
6626,-0.52,-17.81
4598,14.08,16.15
2298,-4.16,-3.6
2580,33.68,33.46
874,2.57,2.12
940,-4.31,-4.38
4399,-11.37,-11.75
117,19.74,19.98
572,-11.27,-11.09
6468,-2.27,0.19
5526,21.98,20.94
4756,13.57,11.91
4223,-1.27,-0.93
1554,18.59,20.68
3262,-10.4,-9.72
1420,10.49,9.7
4309,-7.92,-7.88
2377,-4.7,-4.48
6365,-18.37,-19.37
4769,8.22,8.48
363,-2.8,-3.47
6678,-43.58,-45.69
3612,-10.19,-10.62
5529,-7.96,-8.63
4097,26.11,26.29
488,-18.7,-18.25
5207,12.48,15.89
34,1.09,1.04
5096,-32.83,-32.8
444,3.19,3.28
4049,-27.84,-28.85
4822,2.17,-0.85
4759,3.94,3.46
573,13.68,13.13
6215,-1.9,-1.64
862,31.33,31.94
1116,-2.95,-3.77
297,8.93,9.31
4052,3.02,3.4
6369,11.04,9.61
7194,43.55,54.14
4689,-1.11,-5.33
3571,32.67,33.08
963,32.94,32.97
1924,-14.34,-16.33
210,22.73,23.01
1921,-0.82,-0.41
2552,17.13,16.75
3393,3.38,4.83
3423,-20.66,-20.44
5336,0.46,0.77
43,18.7,19.05
6408,-34.16,-33.02
1294,-23.95,-22.92
4245,-29.33,-29.47
2057,0.94,1.05
4127,2.03,2.66
988,10.31,9.62
4161,26.6,26.64
1062,1.61,1.25
108,-13.79,-13.57
7082,-3.83,-5.99
524,30.97,30.15
3460,-7.19,-7.69
2980,-1.53,-1.9
3363,2.59,3.15
259,30.16,30.34
6283,-32.41,-30.94
1440,8.33,8.29
1801,6,4.72
2579,24.36,24.33
5408,-44.46,-45.46
1489,8.11,8.87
4881,-19.14,-19.91
7092,50.67,53.73
4871,9.09,8.19
1101,-0.09,-1.83
4538,-27.88,-28.62
465,36,36.44
4029,-25.34,-24.38
4157,22.53,23.81
4868,-30.7,-30.2
2078,3.04,3.33
6519,-32.53,-32.69
5830,35.78,35.34
948,12.69,12.54
3199,-38.1,-37.39
5875,6.23,5.43
2542,16.85,16.83
4456,19.29,19.31
6334,-2.83,-3.47
5113,49.95,50.31
4703,5.9,6.06
492,0.58,1.33
5887,16.22,15.54
3568,15.21,15.16
1625,-3.81,-3.71
3110,3.6,4.73
1377,64.55,64.4
4652,-0.23,-1.24
6405,-25.55,-25.19
6541,-35.04,-38.34
186,17.96,17.59
2489,-1.67,-2.11
153,-9.25,-8.46
2678,10.57,10.79
235,-14.02,-13.67
6039,19.19,18.85
4915,1.9,0.95
3143,-3.7,-4.42
6853,43.08,42.86
7210,-29.66,-25.23
4661,13.83,17.77
4535,-24.34,-20.79
4525,26.97,27.71
831,-1.88,-1.69
7094,-10.18,-9.47
1884,-8.86,-9.91
4466,1.91,1.53
4065,9.31,13.16
5105,-31.33,-32.75
6290,-24.67,-21.8
2593,11.59,11.49
2216,-22.27,-21.61
6802,11.1,11.72
4610,23.56,27.2
5655,8.12,7.8
1941,1.05,1.07
1486,-13.89,-13.24
5223,-27.8,-28.64
1253,2.33,2.19
1217,-6.42,-6.51
818,21.44,22.16
4568,9.05,11.52
37,26.78,26.82
2719,-1.93,-3
4101,8.25,8.76
5920,4.37,4.37
7128,-19.86,-17.11
1337,0.66,0.0600000000000001
4911,-22.27,-21.45
4921,9.81,9.92
4819,1.39,2.38
5438,34.69,33.18
6499,-14.99,-13.37
2643,-10.64,-11.94
5430,4.52,4.17
6804,27.68,29.24
1356,20.74,21.15
3758,-8.51,-8.4
5762,-27.28,-27.78
499,15.94,16.27
1662,9.89,11.41
716,5.46,5.27
4412,-30.19,-28.59
5249,19.94,19.08
6360,0.6,2.09
1654,-7.66,-8.27
3178,-0.92,-1.72
5768,-12.81,-12.69
5259,9.12,8.48
1656,24.36,26.29
1389,16.52,15.94
6842,33.58,33.3
3445,0.02,0.15
5099,16.09,16.7
4561,26.65,32.91
4072,9.36,9.28
4608,19.73,17.89
1308,51.69,51
6292,-14.92,-14.73
1553,2.71,-0.0800000000000001
2317,-10.85,-10.58
2674,-2.2,-3.42
5124,-12.67,-11.98
6707,-24.94,-25.34
4646,-37.61,-37.43
4339,-20.42,-20.56
5057,-2.59,-2.56
2080,-10.46,-10.59
4463,12.77,12.43
4937,-17.83,-18.64
7025,-35.48,-34.64
2263,13.42,14.11
4580,3.48,3.48
2435,0.79,1.1
4,38.78,39.45
5134,3.45,1.91
6697,32.11,31.38
2771,-5.99,-5.65
1344,7.75,7.87
2180,-31.87,-31.58
956,-18.29,-18.5
4010,-0.23,-0.27
6724,49.91,49.74
4761,7.81,8.11
4825,-12.83,-12.49
3791,-17.41,-18.38
5348,-5.17,-5.38
720,8.57,8.38
6008,-30.76,-31.46
5583,12.22,14.02
3864,5.09,4.48
309,-8.28,-8.08
5866,37.7,36.25
426,0.95,0.83
356,-12.35,-13.04
1379,0.26,0.06
4464,31.73,32.04
1703,-35.21,-34.2
3635,-14.2,-14.49
4110,1.98,1.67
3242,-8.39,-6.29
4815,-13.2,-14.83
3921,-40.14,-40.28
2711,2.68,2.39
5457,5.06,3.35
2804,1.55,2.53
5102,-14.61,-15.22
3585,2.12,2.73
3267,-33.61,-33.4
6371,-2.31,-1.77
2868,-14.93,-14.86
4141,8.02,8.14
6605,-12.96,-14.78
3644,15.43,15.19
4513,-13.17,-12.47
1550,7.88,8.18
5333,-8.01,-7.53
6827,4.8,5.62
4715,-38.6,-38.86
5467,22.54,22.82
3551,-0.6,-0.82
4236,6.58,6.61
6430,0.87,-0.46
3862,35.04,34.54
5518,13.62,13.96
4371,-19.51,-18.65
1350,2.71,2.79
3514,-4.41,-4.4
1990,-4.1,-3.08
6583,-29.68,-29.06
4831,-40.65,-37.47
7146,-36.15,-35.83
4389,-20.2,-20.87
2862,-46.61,-39.06
5661,-19.41,-24.36
3265,-16.49,-15.64
1034,-20.55,-21.5
7031,-27.2,-26
4187,2.13,2.03
2959,17.61,18.03
5634,24.88,22.53
6964,-29.17,-26.19
7176,-22.16,-21.49
1820,1.52,2.34
4782,13.59,12.9
2021,-1.35,-1.87
3834,-11.7,-12.98
64,5.94,6.04
3313,8.25,8.19
3749,9.56,9.35
3221,-19.06,-17.75
2214,-16.58,-15.61
3583,10.34,10.18
827,-2.75,-3.34
5739,23.29,22.97
1072,43.61,43.58
6419,-23.65,-23.9
534,21.54,21.25
4600,32.62,18.97
6445,17.86,18.19
5290,-26.38,-25.94
5764,-11.31,-11.2
4928,-10.42,-10.47
3743,5.85,5.58
6451,10.27,9.32
6004,-28.05,-28.5
5313,23.1,24.09
2774,-15.38,-14.35
1223,-19.13,-18.56
4668,-22.54,-23.12
3658,6.23,6.84
906,7.45,8.28
808,-28.93,-28.9
74,51.71,52.07
2551,-0.5,-0.6
2403,-15.69,-16.34
3942,0.39,-1.41
2469,10.41,10.45
608,-0.37,-1.32
2212,-12.89,-12.05
2065,38.09,37.94
3486,-3.48,-3.23
4836,-31.61,-35.83
3872,-14.15,-14.69
1814,-9.61,-9.85
4514,11.4,11.32
253,-12.72,-14.16
1555,16.54,16.27
5080,-20.91,-22.93
5009,15.3,14.41
5072,42.87,39.4
5934,-8.23,-8.28
5147,-36.71,-37.75
205,-18.9,-18.47
7171,-32.02,-32.18
5708,34.5,34.07
7070,21.43,20.1
2758,-0.59,0.02
1235,15.91,19.58
5156,-25.63,-26.91
3126,26.68,26.67
4975,-33.73,-33.84
2805,8.88,17.08
3361,2.43,2.56
7071,-1.47,-1.69
5094,-12.46,-12.67
559,4.9,4.71
2997,4.2,4.1
656,-10.78,-9.08
3925,-14.1,-15.79
1076,25.63,25.84
6203,0.96,1.8
7064,44.15,48.86
769,-23.57,-23.67
6382,13.79,16.05
3230,-20.37,-21.21
5700,-5.6,-5.89
4130,17.36,17.81
96,13.69,13.36
1939,13.78,12.93
3161,-2.1,-3.29
6250,11.9,11.49
879,17.02,17.03
4098,17.07,16.38
5082,-16.88,-16.56
3162,-18.43,-18.54
6932,-46.07,-44.36
1416,-3.65,-4.22
3789,-15.85,-12.65
1195,-11.36,-10.22
5733,-8.96,-9.18
2006,0.54,-0.0399999999999999
4809,7.04,7.13
7053,42.34,39.87
1472,-5.93,-5.85
5285,-4.36,-4.48
3201,-20.66,-23.15
5776,-21.45,-20.95
3537,3.59,3.97
4436,9.83,11.43
6494,-15.1,-15.47
4382,30.45,30.31
2393,-7.78,-8.63
4539,-3.09,-3.65
4169,-0.42,0.3
6636,-19.46,-18.62
3957,1.5,1.41
4762,5.94,5.55
6410,-6.76,-7.27
5848,0.39,1.32
6157,-36.39,-36.19
3884,-5.05,-4.6
2922,-8.76,-9.01
2821,8.38,7.61
2677,27.11,26.6
2736,0.13,1.52
2009,5.11,5.35
6522,-7.8,-9.55
2324,10.14,10.69
4163,34.97,35
3987,-0.64,-0.63
2813,0.37,0.69
3708,-0.9,-0.85
633,7.66,8.35
668,4.84,4.07
5003,7.77,7.82
6026,29.16,28.89
3031,16.84,15.95
4517,4.84,5.12
5546,-27.32,-28.01
6343,-3.82,-3.97
712,-6.85,-7.04
2434,-1.25,-1.4
6247,12.21,11.99
6744,4.48,4.89
7089,-14.57,-15.25
2844,0.4,0.9
2773,28.18,26.14
5977,-8.27,-9.47
5935,11.15,11.31
2056,-2.28,-2.09
5810,-24.53,-24.06
5986,9.2,7.19
2874,15.83,16.63
1066,1.83,1.33
685,-5.05,-4.35
760,-12.97,-12.73
1097,15.54,14.78
80,-1.53,-1.71
3222,-12.92,-14.55
5691,-7.04,-7.37
421,9.44,10
3378,23.46,24.18
7164,-2.04,-3.38
3706,2.78,2.84
147,45.82,45.84
3703,-3.83,-4.08
4551,35.09,34.2
2183,-1.45,-2.3
2218,4.89,5.17
6144,10.73,11.43
3589,-9.21,-9.28
4064,-1.35,-3.58
2973,47.74,47.45
996,23.34,23.28
3737,-0.89,-0.23
6845,36.45,35.51
2668,9.89,9.76
3322,2.8,3.62
6242,10.03,9.12
3414,-1.2,0.42
2364,-10.82,-11.07
814,-14.93,-14.3
437,-9.57,-9.28
6767,0.94,2.29
6098,16.48,12.37
5276,16.91,15.56
169,7.51,7.42
5910,18.37,18.5
4438,5.54,6.21
3557,1.89,2.26
6063,25.39,26.36
2039,27.79,27.64
1007,-19.47,-19.08
4853,-31.99,-31.27
5364,-35.59,-33.31
1678,-18.11,-18.77
4395,-24.7,-23.8
6264,22.46,22.55
2778,-20.38,-22.42
1631,10.84,11.77
2915,-23.17,-22.89
1870,30.79,30.44
1973,-1.08,-1.74
5125,6.64,5.71
7125,-18.4,-16.2
4919,17.83,18.58
2390,-10.22,-10.2
3332,-14.45,-14.37
1623,-11.66,-11.41
4696,37.38,37.94
1808,30.13,28.26
4316,-15.28,-15.72
3300,-9.08,-7.94
2631,6.66,6.17
7055,90.2,90.67
473,11.57,11.57
4134,14.83,14.91
3512,39.45,39.99
1712,-21.15,-20.87
737,-2.05,-2.29
2728,-16.98,-16.98
4292,-19.81,-18.2
3243,-2.96,-3.03
4760,-8.21,-10.08
881,5.8,4.31
2415,57.32,58.62
2940,12.32,12.26
982,3.4,3.94
2343,2.22,2.31
6982,-33.18,-33.28
6859,41.87,41.77
1725,-24.72,-23.15
6385,-18.85,-17.75
6689,8.27,8.73
5251,-23.97,-22.76
204,-6.97,-6.77
5407,-34.96,-37.43
1821,5.38,4.94
3394,-1.06,0.13
1405,16.62,16.08
6613,-18.57,-19.19
374,7.43,6.07
5568,21.63,21.5
2007,-2.35,-1.87
1683,3.77,3.29
4164,-1.91,-2.54
4683,15.06,13.41
2018,-7.41,-9.51
5690,-10.99,-11.6
2838,25.74,24.69
3747,22.55,22.88
2408,-6.05,-6.94
3634,-15.86,-15.54
4489,5.74,4.96
1580,0.87,2.29
4027,-22.63,-22.27
1951,-5.12,-5.12
6143,-6.33,-6.31
934,2.31,2.27
6705,5.42,4.97
4649,6.12,6.93
4675,2.78,4.86
2740,-1.01,-2.73
643,25.83,26
6051,44.67,45.36
5303,-50.54,-50.07
4325,-23.65,-22.97
7109,51.82,53.45
1271,-19.39,-19.7
3913,-29.66,-29.17
2727,-4.56,-3.27
4423,5.19,5.7
4344,-15.08,-14.93
6437,29.75,29.3
799,2.8,2.27
1497,26.3,27
878,-1.04,-1.18
6645,-20.7,-27.94
5230,-29.74,-30.04
7036,72.5,71.94
1869,10.23,10.11
321,1.94,2.32
5456,-6.5,-7.39
2323,18.65,18.27
475,-0.84,-1.44
4280,11.92,35.28
1818,-8.92,-9.48
798,19.6,19.68
1032,-13.47,-13.12
5770,-6.68,-7.08
1205,-27.1,-27.38
3252,4.3,3.43
3410,-22.12,-23.37
4264,-10.75,-10.23
890,-5.96,-8.73
3224,-11.71,-11.45
6234,13.53,12.34
6941,-36.01,-34.41
4744,-27.07,-26.92
558,-2.32,-2.28
1477,12.98,13.13
5725,-26.97,-27.35
2991,23.94,23.92
4750,-12.54,-11.58
6789,-5.37,-5.66
272,47.02,46.36
5330,9.09,9.56
4074,12.37,11.73
5211,-26.31,-25.77
6954,-30.96,-35.05
5557,51.01,51.6
4776,-34.66,-34.26
2730,12.74,12.59
6002,8.37,5.77
1721,-21.27,-21.32
2629,19.29,20.37
1959,-5.4,-4.84
1262,-8.17,-7.89
4717,-1.62,-1.23
6879,26.51,26.02
362,-9.86,-10.16
4609,16.93,16.27
1589,-5,-17.11
751,-20.62,-20.86
3374,-38.92,-39.26
5445,30,29.94
6227,1.22,2.13
5011,-31.78,-32.16
1733,27.13,27.01
5412,26.98,26.74
7033,46.03,45.34
811,-18.21,-17.76
1419,-7.93,-10.59
5515,15.5,15.53
5074,17.25,13.87
5108,30.9,30.33
5975,6.62,6.07
6313,-13.85,-14.27
199,30.39,30.64
5376,-27.67,-27.74
7056,48.03,48.59
3299,-11.28,-11.79
2320,9.8,9.64
1439,-11.22,-11.1
6079,7.22,8.49
156,-12.23,-12.9
5647,14.13,14.48
1182,-14.08,-13.84
2513,-13.05,-12.43
450,-10.98,-11.11
2742,1.59,-0.82
4336,-12.69,-13.15
6236,12.06,10.36
1532,32.55,24.17
126,35.32,34.93
698,0.92,0.63
4177,9.22,9.72
4969,7.86,7.97
5431,-0.68,0.81
928,6.52,6.73
3841,-3.68,-3.81
2170,-21.27,-21.52
2713,-17.93,-18.25
7099,-13.03,-12.41
7077,-40.4,-38.1
5523,-4.34,-3.9
776,-27.93,-28.26
2498,1.8,1.13
1636,-2.42,-7.2
1963,-26.38,-27.17
3067,52.79,55.26
1188,-12.28,-12.74
6163,-19.37,-9.81
3632,-21.91,-22.58
6340,-20.76,-19.79
2876,16.31,16.05
3073,-23.07,-19.85
402,37.54,37.02
958,-25.09,-24.91
2130,-28.64,-28.74
2908,-23.06,-23.59
14,7.58,7.58
5177,0.2,-0.00999999999999998
5389,2.23,2.01
3574,10.85,11.29
4035,-36.54,-38.35
6353,-5.33,-7.67
4806,33.2,33.22
3567,40.54,39.41
3471,-14.37,-14.22
873,-0.94,-0.41
3649,1.35,0.75
6073,-7.78,-6.59
6746,5.92,6.24
1323,7.17,6.35
6205,17.12,16.8
2681,22.13,22.24
6852,20.38,20.47
2765,19.52,17.85
4216,9.35,9.27
7178,-25.31,-24.5
1866,15.11,14.39
2616,-7.69,-5.7
288,-8.23,-9.11
5732,-3.46,-7.33
5663,-24.24,-21.51
1914,-39.68,-39.52
7063,42.39,39.06
1622,-7.21,-7.37
3137,-0.98,0.67
5309,-8.13,-8.59
3949,4.92,5.99
4364,14.67,13.53
3769,25.95,26.11
1169,-22.63,-24.16
5181,-39.17,-39.61
1425,16.32,16.55
1805,29.2,29.59
2720,-18.42,-18.26
4347,-31.97,-30.82
876,2.05,1.53
3858,3.77,3.28
954,11.12,11.59
2290,-2.82,-2.64
2660,5.93,5.4
5921,2.36,1.55
4663,13.91,10.69
1406,-0.75,-0.32
19,-4.3,-4.25
6038,11.82,13.32
2308,17.08,17.15
6839,13.5,14.26
4554,23.71,25.99
835,3.78,4.27
4589,-10.53,-4.33
29,20.62,19.7
5213,7.23,3.43
2658,6.86,5.55
464,-15.67,-16.49
4374,-9.44,-8.14
242,-14.24,-14.93
5892,13.29,12.19
6256,18.72,18.57
6892,14.16,13.76
4392,-26.65,-28.75
3099,-6.26,-3.18
3157,9.66,12.39
1016,-19.72,-19.49
4972,3.43,3.16
2762,23.02,24.16
5965,6.16,6.39
6021,19.55,19.52
2179,-10.81,-10.81
2509,-7.35,-7.7
5766,-7.67,-7.97
6666,-9.24,-9.08
349,7.8,6.51
5867,18.38,18.2
256,5.62,4.86
2099,-4.95,-5.1
2561,34.6,33.85
3315,-5.74,-6.16
396,10.79,10.85
6355,-1.2,-1.22
352,-11.95,-12.04
1560,4.53,2.73
4179,8.88,8.36
5805,-27.16,-26.31
4115,-11.55,-22.76
5468,-4.19,-3.61
5470,0.92,0.92
481,1.36,1.37
2570,-24.43,-23.56
2001,32.14,31.92
6239,-2.75,-2.84
2931,-26.17,-27.26
4638,5.34,5.52
375,10.15,10.31
5434,25.31,23.86
2961,4.29,3.21
3561,-2.79,-2.56
81,18.37,18.37
4926,14.29,11.26
5486,-13.45,-13.09
2849,-6.02,-5.19
5712,29.98,29.9
3259,-20.16,-20
2787,20.76,19.91
5328,0.13,-0.79
2685,18.75,19.6
5109,30.08,29.8
5626,-16.42,-14.51
1593,-4.11,-4.42
135,-0.12,-0.06
3408,-13.91,-14.62
2271,17.49,17.5
1854,-33.28,-33.14
596,-13.42,-13.3
5703,29.99,29.08
2924,-36.29,-32.65
5022,16.66,17.29
2000,9.69,9.26
6155,-2.2,-4.83
1798,14.83,14.25
3732,-10.69,-10.56
6001,-8.52,-6.6
3659,2.77,2.58
788,-3.54,-4.04
2133,-12.86,-13.21
166,14.22,14.27
218,16.6,16.2
62,1.96,1.85
3689,-1.49,-1.77
5391,-0.62,-0.61
4643,-5.45,-7.65
1000,-31.99,-32.96
1874,-0.77,-1.79
2782,-2.29,-4.43
3859,-6.71,-7.55
4676,11.17,12.08
768,-11.43,-11.44
1080,10.44,9.83
3064,18.28,15.04
5377,-28.53,-29.37
4991,15.43,15.16
1987,27.62,28.51
3068,2.61,4.99
4429,-1.59,-1.28
5137,9.87,10.34
5340,24.02,24.16
6774,-38.68,-29.65
3276,-44.84,-45.1
4165,0.85,1.1
665,-3.69,-5.68
6106,-36.6,-37.01
3358,-12.56,-12.99
3349,-14.64,-10.99
1927,2.06,1.74
4960,7.71,7.38
3751,3.07,2.37
4882,3.76,14.7
6981,-29.47,-31.81
4017,1.13,1.42
6951,-47.19,-42.98
3799,-5.7,-6.11
4864,-31.3,-29.83
1346,27.31,26.91
5385,-5.39,-5.45
6659,-32.31,-32.04
2824,16.82,17.14
927,56.32,56.32
234,-14.89,-15.27
3613,-20.8,-20.89
5984,24.32,23.27
5783,-24.44,-23.75
6240,-1.28,-2.96
3680,-15.51,-15.77
5919,-10.47,-10.45
6421,-7.38,-8.59
1158,-30.84,-29.81
1889,-13.47,-13.53
211,11.89,12.78
1704,-28.86,-27.7
1599,13.02,9.77
6253,24.21,23.66
3728,-38.96,-38.67
6719,3.7,3.95
5624,-40.2,-39.36
4016,20.59,20.87
5900,8.7,9.92
2675,2.88,2.39
5351,-15.12,-15.21
1298,-25.35,-25.34
2104,-21.61,-22.15
113,5.96,6.85
5387,-5.37,-6.06
6806,47.08,48.06
1421,-8.23,-8.92
3763,-4.43,-4.14
3247,-39.13,-38.2
3483,-9.49,-8.75
3780,-29.3,-30.05
509,0.12,0.14
2560,14.19,14.82
3406,-11.7,-11.68
6669,-5.37,-4.12
4014,-11.5,-10.71
1029,15.92,14.98
1181,-25.86,-25.47
541,-25.24,-23.96
2557,18.14,18.32
3894,-9.57,-10.01
3401,-8.71,-8.39
1680,-7.21,-6.53
1332,-17.52,-18.5
3366,2.53,2.71
2241,38.45,38.54
2692,6.24,6.78
3598,-10.58,-11.52
895,-28.4,-28.57
7054,59.57,61.06
3775,11.35,11.69
6893,30.16,29.38
7186,54.75,51.42
6880,49.38,48.85
3601,-25.23,-24.92
5133,1.72,1.63
5967,31.5,31.11
2501,3.94,7.08
3670,-14.21,-14.33
970,-22.17,-22.17
5522,10.16,9.99
3117,5.83,2.91
3411,-7.36,-5.69
4875,9.15,7.62
1321,7.21,6.58
5427,-9.96,-11.94
4009,-7.05,-7.15
5107,-23.39,-23.4
4275,-1.98,-1.01
1408,-14.09,-13.71
4008,22.33,22.31
5642,-4.28,-4.19
667,5.27,5.24
4375,-8.15,-6.09
2387,14.5,15.99
212,10.78,14.92
722,37.95,37.61
3141,6.8,8.81
5202,3.46,3.04
892,-31.18,-31.19
3341,-1.05,0.47
6813,33.3,31.43
896,-1.57,-1.72
1605,-8.37,-1.7
4592,45.04,42.49
2698,28.26,27.5
6341,5.69,5.99
5928,-1.98,-2.36
1822,-16.76,-16.61
1091,-15.85,-16.57
2550,23.86,24.24
1689,-22.27,-22.65
3531,-12.06,-12.93
4794,0.88,-2.53
25,1.44,0.56
4335,-14.55,-14.65
3608,-12.11,-12.19
5068,16.61,17.81
1467,9.64,9.76
4071,-16.4,-16.36
5576,7.2,7.89
2139,-24.72,-24.85
2207,-13.91,-13.84
3850,-16.98,-17.55
6703,1.69,1.51
4445,31.6,32.22
674,-22.45,-21.62
1023,-6.83,-6.95
1454,33.45,34.61
2102,3.89,2.82
3765,5.86,6.72
7032,-24.68,-23.74
951,15.5,16.37
6216,5.49,6.15
4416,-20.03,-19.89
4259,-1.96,-2.48
4982,-18.56,-20.76
3477,-5.97,-6.17
5106,-11.79,-12.04
1299,-20.65,-20.5
1578,17.81,17.96
3151,-1.54,0.17
5772,15.43,12.85
2234,31.32,31.49
4094,16.56,17.08
3112,1.19,-0.27
5190,-26.18,-25.95
6906,-35.68,-38.42
1861,-9.81,-9.95
754,-17.43,-16.93
4957,-32.33,-32.15
1324,8.01,7.21
2138,-5.3,-5.74
4564,35.64,35.1
4728,-41.83,-40.62
6406,-34.48,-33.55
4011,24.75,25.7
7110,66.55,69.65
91,3.78,3.04
174,16.44,16.39
2718,-16.94,-17.42
4723,-27.29,-29.03
303,-8.75,-8.93
21,9.66,9.46
5966,9.02,9.4
2976,1.26,1.97
3882,17.95,18.47
677,-3.68,-3.59
4089,-25.97,-25.65
5832,34.35,34.51
6020,23.66,23.96
5865,12.77,10.28
4281,25.77,32.83
6139,0.01,-1.07
3800,-11.97,-11.72
3316,7.44,6.63
3809,-35.54,-32.32
711,-5.55,-5.18
2147,-21.85,-21.83
5402,-32.32,-29.36
4304,5.12,4.65
3806,-23.2,-22.88
3675,-19.04,-19.45
4531,34.25,35.54
2756,7.67,7.74
2453,8.92,8.79
5719,-23.52,-23.54
918,-1.48,-1.83
2652,19.7,18.7
517,-23.26,-23.29
1886,-5.49,-5.26
5565,26.75,26.55
826,-3.34,-2.92
4833,10.23,9.44
1264,-16.39,-16.51
1197,-29.37,-30.93
6614,-8.66,-8.57
1250,-10.69,-10.41
1807,10.74,10.11
5839,0.04,-0.81
4658,-27.93,-28.37
5214,26.32,25.72
5437,31.33,31.74
405,8.67,8.65
6784,-32.66,-31.72
5122,17.03,15.82
4263,-3.39,-3.22
3779,13.51,12.9
3591,-3.72,-4.18
6765,-1.74,-0.1
6323,48.49,48.11
1048,-23.71,-23.9
1218,-5.13,-4.46
6167,-20.85,-20.42
680,-9.41,-8.52
1147,7.28,7.36
6243,10.38,10.73
214,53.04,53.21
4670,-23,-25.6
2486,-2.14,-3.16
5622,20.41,22.22
2567,38.9,38.59
3617,-15.71,-14.82
1697,-20.65,-19.44
3705,-3.08,-2.05
3820,0.9,0.35
529,37.51,36.57
1701,-6.39,-5.48
5511,-2.28,-2.07
1617,-3.27,-1.97
5891,17.31,17.51
4958,-25.71,-25.07
3032,37.19,36.6
2522,-3.56,-4.34
3447,-0.31,-0.82
2531,0.5,1.72
4032,-27.52,-27.09
3880,23.4,23.93
270,3.91,3.57
514,28.59,28.1
3679,-18.53,-18.44
6473,17.93,21.66
3076,-25.67,-20.11
6928,-29.55,-26.71
2483,-7.74,-7.76
4694,-12.71,-14.95
5927,-14.77,-13.65
2731,-0.17,0.24
4946,-1.99,-3.46
861,7.06,7.48
960,28.84,30.11
4373,-11.67,-9.26
1778,-3.38,-2.92
3211,-15.61,-14.87
6817,3.16,-0.75
3086,-5.52,-7.86
4323,-33.79,-35.35
3096,-10.58,-10.65
525,10.31,10.4
6381,-8.38,-7.12
6677,-15.51,-14.85
3782,3.7,3.33
6801,8.95,11.56
3772,6.54,7.61
1871,10.06,9.57
3871,26.5,27.1
5717,21.37,21.59
3826,-23.38,-23.48
3152,-0.12,0.96
5838,13.43,13.48
4379,-36.59,-37.74
1248,4.96,5.23
1902,-24.1,-21.86
6888,25.07,23.72
2002,8.43,8.18
364,-4.93,-5.66
901,-30.62,-31.1
1209,-5.9,-5.76
1646,-5.12,-4.69
4667,-10.25,-10.89
715,8.43,8.55
7137,4.33,2.85
4363,38.1,40.43
856,32.52,32.42
298,14.33,14.22
3435,-4.2,-4.62
3176,-2.35,-2.32
6528,-44.4,-36.73
1239,-20.14,-18.73
4210,-10.82,-10.98
397,-1.93,-1.21
5968,10.23,9
2143,14.74,14.51
6759,-3.88,-3.88
1575,-13.18,-6.46
7088,-27.11,-26.33
5577,25.44,26.11
63,3.32,2.75
3948,-10.83,-10.56
6011,17.95,19.43
93,11.37,11.35
2374,-13.66,-13.06
3387,4.1,6.31
2878,18.25,18.05
864,-1.06,-1.1
880,21.89,21.03
1609,-10.04,-5.48
5881,18.43,19.33
2605,1.95,3.01
325,4.08,-2.23
241,-13.81,-13.37
4362,13.92,13.73
5679,-24.23,-24.14
3248,-41.83,-41.25
4578,59.54,63.47
7209,-6.94,-5.87
4330,-29.46,-29.44
1974,10.98,11.71
4279,4.29,5.26
4084,-37.3,-37.65
2697,22.38,22.08
2166,-3.87,-4.47
5507,17.1,19.81
1254,21.35,20.51
3837,-1.69,-1.9
2892,-38.05,-39.01
2956,18.59,17.56
5245,-13.81,-15.2
5086,-27.5,-27.3
1234,-11.24,-11.07
4918,10.49,10.72
1403,16.32,15.95
1159,-31.29,-31.84
604,-13.83,-13.91
323,25.96,25.55
470,14.96,14.97
189,-13.07,-12.87
1157,-24.05,-24
504,10.17,9.95
5535,-29.19,-26.19
1087,31.32,31.59
7001,-34.71,-34.3
609,13.3,12.53
6058,5.57,4.29
3778,-6.17,-6.06
6803,20.34,20.54
5269,-39.6,-39.37
6237,-16.04,-16.42
4310,-8.37,-7.35
7041,74.82,69.85
4707,-17.48,-17.72
6884,37.66,37.87
4403,-17.34,-16.31
5737,2.26,2.31
3403,-13.14,-14.02
3499,-12.66,-12.22
562,28.12,27.97
2850,-10.85,-11.74
2041,7.8,7.62
4796,9.17,9.15
2055,25.62,26.17
5955,-22.17,-20.58
7050,44.07,46.98
1897,-18.13,-17.96
3271,-31.65,-31.67
4522,-11.07,-11.38
106,-14.2,-14.06
616,56.79,57.15
2689,0.1,-0.03
5194,-6.21,-5.64
5215,4.09,4.74
6847,36.09,35.83
807,-16.06,-16.56
1527,-14.74,-5.3
2963,24.2,23.48
5401,-29.96,-30.55
4524,4.33,4.46
2870,-43.25,-36.49
2163,-25.32,-25.48
2222,31.46,32.68
3130,7.61,9.48
1833,-18.58,-19.42
3540,9.45,9.39
1841,-40.87,-41.7
4352,-31.76,-28.47
3209,-31.9,-30.95
2808,-7.39,-6.71
721,17.39,16.73
2077,11.79,11.24
920,6.87,7.01
423,10.24,10.29
5055,-34.13,-33.71
6492,-25.75,-25.42
5050,-26.56,-26.43
3536,-4.98,-6.08
3491,-18.97,-19.29
4647,-29.41,-29.09
1880,8.68,8.85
3823,-2.28,-1.64
5443,12.7,14.51
2479,-6.14,-4.86
55,27.13,27.37
4697,-20.27,-20.2
1326,-17.15,-17.76
4883,23.73,24.29
6925,-38.92,-39.11
2217,1.78,1.96
2063,38.52,38.69
7205,49.8,45.49
3688,12.63,12.55
2261,6.34,7.05
5680,5.04,4.63
5603,-21.09,-19.97
6561,-9.19,-8.99
5961,23.63,23.35
4269,12.04,12.12
4090,-3.51,-3.54
7039,48.02,47.07
1916,9.8,8.85
6662,16.05,17.21
3790,-13.43,-14.45
6145,1.45,2.61
3082,19.29,18
1961,-19.78,-20.94
6840,32.5,31.74
949,22.07,21.93
1783,5.44,2.1
3412,-15.29,-15.64
35,-15.27,-14.64
4303,24.81,24.08
1613,6.46,8.85
4004,27.04,26.19
7086,-15.2,-14.87
2583,37.17,37.61
4573,15.12,15.62
1601,-1.73,-4.42
4170,-7.78,-8.05
6830,5.41,-20.64
4486,17.16,16.92
2679,32.74,32.84
4497,1.6,2.18
2359,11.08,10.38
2342,36.15,35.47
3930,-35.1,-35.56
5730,-26.62,-26.27
2789,25.36,25.51
6263,-4.44,-3.28
6348,-23.92,-23.08
6135,38.61,38.62
5912,20.49,21.13
2371,-3.43,-2.67
7034,45.09,46.82
3451,-6.4,-6.27
7042,38.32,37.76
5883,15.47,15.69
5527,-2.31,-2.35
404,13.23,13.13
5614,-38.67,-38.54
1168,-20.24,-21.46
3353,-4.27,-4.67
4509,11.48,12.22
341,-14.05,-12.65
6448,41.19,41.13
7069,-16.17,-21.1
1138,19.55,19.94
2653,-13.21,-11.81
3621,18.71,18.33
1576,3.38,-2.11
4312,-24.65,-24.27
2092,39.5,39.5
2600,-17.54,-17.75
3234,-13.44,-12.55
2361,55.15,54.32
5869,-0.2,-1.05
3624,-16.01,-16.14
3294,-17.09,-15.03
6464,0.99,-7.12
635,28.43,28.91
493,-1.23,-1.4
3192,-24.25,-25.54
129,15.11,14.12
4684,6.39,7.3
4299,-17.22,-17.44
2247,38.15,38.87
6028,10.22,10.51
2757,-0.68,-0.98
3220,-22.3,-23.19
3588,9.96,11.34
3417,-12.26,-11.45
3275,-11.64,-14.52
6368,17.32,16.72
3511,16.2,15.73
3479,-8.3,-7.9
2223,27.45,26.99
3962,6.59,6.3
5358,21.43,19.81
4452,5.59,4.96
2793,36.9,35.85
4792,-5.61,-5.41
4650,-28.73,-29.33
4092,18.41,18.4
1641,11.12,12.5
1094,9.1,9.86
3980,-13.71,-12.24
6097,17.39,16.34
4388,-10.36,-10.76
618,29.76,29.15
4227,12.58,12.13
983,11.3,11.36
6018,22.72,21.87
1233,-12.17,-12.62
6059,29.37,33.53
755,16.64,17.23
2061,15.93,16.09
5946,21.86,23.33
1316,-11.16,-11.47
5677,15.44,14.99
3088,-18.33,-16.84
4545,-10.11,-10.02
383,1.77,3.87
3256,-4.95,-5.31
1674,-1.1,-1.31
6915,-11.07,-17.07
142,13.65,13.71
500,12.09,11.04
3280,-30.55,-31.25
7150,-37.8,-35.98
5178,-33.05,-32.35
127,-3.54,-3.64
2759,-9.45,-8.66
2215,2.75,1.94
6093,-29.05,-29.55
5658,-13.88,-15.41
2049,9.68,9.2
3896,-7.44,-8.77
6019,46.84,46.09
3832,-23.18,-23.35
2270,-3.12,-2.87
4357,-10.52,-6.74
5463,6.4,5.95
2259,1.2,1.58
5612,-12.57,-10.52
6078,-3.97,-2.75
322,17.26,19.59
2535,19.18,19.59
5757,-15.56,-17.49
4058,-6.09,-6.21
4024,-0.2,0.2
6363,-17.12,-18.44
5419,0.84,-0.84
4526,-12.99,-13.37
2883,-3.63,-0.91
1506,14.16,13.9
2349,0.11,-0.39
5952,20.75,20.83
5400,-37.65,-38.51
79,24.2,23.79
5871,15.61,14.82
1438,-14.51,-14.4
926,31.86,31.94
2448,10.13,10.14
1010,-9.64,-9.34
339,-2.31,-2.23
621,28.02,27.75
3788,-17.37,-18.17
6633,0.11,0.74
6608,-11.31,-12.27
3835,-19.75,-19.9
2227,-15.28,-14.95
4534,-15.11,-15.22
2584,16.24,15.98
377,15.26,15.07
485,4.45,5.19
1773,-22.59,-20.82
1461,-13.08,-13.02
4348,-18.69,-18.69
6566,-4.77,-6.34
2780,20.62,20.19
1035,-29.15,-30.15
6285,-37.69,-37.45
6568,-31.46,-32.25
825,7.27,7.49
2231,5.02,5.19
4814,-0.55,-0.53
1402,-3.3,-3.73
2950,9.96,9.77
5882,7.14,3.8
5943,-16.56,-15.82
3640,-19.99,-19.17
6358,1.92,5.08
773,0.95,0.8
5905,15.88,15.95
1279,-18.9,-18.6
5425,-19.95,-21.59
267,25.57,26.11
1856,-34.1,-33.16
3257,-4.21,-3.53
301,41.9,42.16
3829,-33.35,-33.5
3684,-22.95,-22.94
5142,-30.2,-30.19
6509,-25.9,-24.79
5042,-18.11,-18.09
5795,35.14,33.91
815,-25.32,-25.65
3360,0.29,1.83
5205,21.91,20.61
3910,-29.01,-29
3373,-8.72,-9.04
5423,-14.64,-15.7
1819,22.32,23.02
1842,-33.62,-32.35
3754,-6.92,-7.34
2695,-9.2,-9.03
187,22.57,22.58
6563,-5.05,-5.79
136,-13.02,-12.37
6057,9.01,9.79
1491,-12.88,-12.02
1882,2.52,3.47
3135,-2.37,-2.38
941,8.64,9.31
6686,2.86,4.37
2332,10.86,10.02
4126,13.76,14.12
2835,7.49,6.67
1418,-4.62,-4.16
5555,-2.86,-3.13
972,14.18,15.3
3194,-28.51,-27.67
471,24.46,24.74
767,10.55,9.89
118,2.61,2.55
5888,21.02,20.79
5135,7.41,6.23
4804,-8.22,-7.41
3286,-20.5,-19.21
17,9.36,8.29
7147,-22.92,-22.01
2208,9.48,9.79
2944,-15.05,-15.31
6188,-7.47,-8.15
523,21.8,19.06
6546,0.06,-0.43
6087,-16.14,-15.87
3144,-5.88,-5.54
6131,38.24,39.11
1649,17.55,16.78
3661,28.01,27.85
3065,-0.73,25.23
3783,-16.76,-16.85
3172,0.92,2.46
2825,16.29,14.96
3995,-18.55,-18.38
6918,-26.76,-26.34
3713,-4.09,-4.19
5796,58.55,55.97
496,27.17,26.96
3887,-29.73,-30.98
1103,17.18,17.55
576,2.98,3.23
5271,-45.35,-46.26
549,14.3,14.09
3488,-31.7,-31.54
6206,-20.71,-20.71
2537,-4.67,-4.41
4816,-23.55,-27.73
4764,-7.14,-7.98
5180,-39.12,-39.6
6656,1.79,3.35
912,13.59,13.89
2786,27.92,27.37
2578,13.32,14.19
503,11.13,11.04
7065,43.88,42.15
2008,8.07,8.03
3907,-21.13,-21
478,1.57,1.64
3317,30.62,30.63
1682,-5.34,-5.29
1314,-14.26,-15.05
6489,0.46,0.71
2284,17.08,17.31
4860,-2.05,-2.54
5444,18.36,17.9
3467,-10.51,-10.34
6041,11.57,9.82
5284,-9.32,-10.92
4345,-23.88,-23.38
3873,6.82,6.76
5981,3.12,3.45
6795,-1.27,-0.34
1325,-22.23,-21.89
1272,-24.95,-25.1
5458,1.76,1.4
4695,5.75,5.95
3346,-5.86,-6.87
2083,-16.62,-17.04
697,-4.47,-3.77
5578,27.39,26.53
6328,11.65,11.05
3529,-6.38,-5.81
87,-0.25,-0.34
1713,-12.87,-12.12
3501,-11.62,-10.41
3552,3.6,3.64
4680,14.41,13.3
727,37.93,38.65
1903,-19.97,-17.04
3520,-2.16,-2.01
885,12.69,12.25
5501,5.14,5.6
3489,-1.72,-1.18
1289,-23.43,-23.45
2993,39.4,40.34
20,-5.7,-5.98
1786,-23.76,-22.52
6743,13.24,13.19
1054,15.19,14.87
3239,-18.41,-18.58
4198,-12.98,-12.13
758,8.9,9.34
6099,-0.26,-0.68
2527,-1.43,-1.99
2977,22.6,22.46
6674,-11.9,-11.39
2902,-9.78,-10.72
2264,-4.8,-5.3
6230,41.35,40.09
2014,-15.66,-14.29
2395,-19.28,-18.67
4636,-42.18,-41.66
2706,3.32,3.16
661,7.8,7.35
6142,-13.71,-12.75
3118,33.18,38.09
6303,5.83,5.55
2195,-5.21,-5.33
953,28.93,29.29
2604,-7.34,-7.83
5007,19.4,19.63
4025,0.95,1.25
2273,44.59,44.81
5922,-12.66,-13.59
6487,-9.67,-6.84
6756,1.79,2.94
227,-4.39,-4.67
5492,-10.61,-11.98
4735,-28.57,-29.18
6871,39.77,39
3927,-16.96,-14.36
335,-13.26,-14.5
2587,6.23,5.52
1130,7,6.7
2350,-15.79,-15.4
3196,-20.84,-21.29
6843,34.58,34.85
6179,-19.05,-19
5485,-20.25,-19.3
1378,37.59,37.89
914,15.84,16.16
4387,-20.24,-21.51
3007,8.4,7.86
343,1.83,1.83
4867,0.21,0.51
4947,6.45,5.9
4709,1.91,3.08
1074,24.35,23.9
2385,0.56,-0.27
2828,10.32,10.86
6785,-19.87,-22.93
1149,32.46,31.98
6758,-3,-1.69
6050,18.66,20
2817,8.6,5.77
1827,2.83,3.24
5304,13.88,13.9
3498,-9.8,-10.46
3010,10.62,9.13
7177,-38.7,-37.5
4988,11.46,11.14
1303,-22.31,-21.93
2585,14.46,15.26
5145,-14.88,-14.74
6193,-0.97,-0.2
2070,12.06,11.64
784,13.37,13
535,5.88,6.18
5814,-45.74,-46.3
2955,23.16,23.8
6628,-18.31,-19.81
4880,16.34,20.16
578,-1.08,-1.23
240,-42.15,-30.01
7166,2.27,0.81
2178,2.06,2.09
812,-22.59,-22.94
2781,0.45,0.32
2735,49.2,45.84
6072,7.07,6.38
6723,22.34,23.47
2704,3.78,3.33
5563,-41.15,-40.81
6706,1.45,-0.43
427,-1.03,-0.52
5616,-40.7,-43.03
6890,37.43,37.25
5132,15.12,16.39
6375,-7.34,-7.19
6105,3.56,6.13
4442,-2.93,-3.68
7195,37.63,46.88
5509,19.69,20.16
151,-8.27,-8.22
3969,17.67,18.31
3764,16.34,16.49
2930,-2.17,-2.14
4660,-10.1,-12.55
1657,14.26,13.55
7057,77.96,79.01
2416,22.66,20.86
1474,-3.97,-4.03
6052,5.58,5.97
5913,16.64,16.33
3947,14.49,14.75
6159,-5.69,-5.99
3686,-22.27,-22.71
6501,6.66,10.93
4973,2.07,1.14
4439,3.95,4.11
2201,21.07,20.45
797,-1.22,-1.11
5413,-6,-4.96
5569,-30.81,-30.62
2277,14.97,14.78
2907,-43.28,-43.25
2174,-13.46,-13.34
1067,-8.29,-8.21
6314,-14.39,-15.22
3784,-6.15,-6.13
663,1.74,3.85
1536,12.7,12.77
2142,-31.91,-31.98
5335,-22.72,-20.84
5548,14.57,14.53
1755,-45.53,-38.27
4581,15.88,13.15
5462,-4.13,-3.45
3924,1.14,1.3
1469,17.33,16.82
1508,-11.57,-11.42
7141,-24.74,-25.53
533,44.17,44.4
2289,-22.58,-23.32
3040,-30.95,-29.93
99,14.66,14.38
2449,-15.63,-15.38
2357,8.74,8.91
66,-12.97,-13.25
1837,-9.08,-9.49
3663,-2.56,-2.06
1643,-2.58,-1.34
6418,-24.23,-26.17
378,-15.73,-15.66
1585,2.54,3.95
7132,-24.53,-25.72
2624,15.47,15.79
486,-1.5,0.26
6972,-26.75,-27.02
1465,-13.55,-13.67
1628,15.09,9.83
5560,23.59,23.53
2116,-21.33,-21.6
3292,-34.66,-34.46
4300,11.66,11.76
6849,24.78,23.64
622,47.61,47.84
2300,-8.66,-7.39
854,3.57,3.4
3787,-20.52,-20.35
5411,5.3,10.02
546,9.31,8.95
2267,27.94,27.92
3419,-12.7,-12.32
3474,-18.85,-18.64
4378,-28.91,-29.23
1231,-22.26,-18.94
3888,-24.26,-24.28
1910,-23.86,-24.93
4406,-19.07,-18.32
1050,20.24,20.65
4985,-24.83,-22.89
647,8.42,7.48
4894,-10.8,-12.48
4500,-12.15,-12.34
1945,-32.28,-31.97
6770,-2.64,-2.94
1024,-18.53,-18.29
4752,-9.48,-10.59
2609,4.53,3.27
3881,-2.05,-2.32
1948,5.51,5.95
536,-20.82,-20.62
6160,-1.22,-1.58
7117,46.62,45.35
5323,7.85,6.97
6740,14.04,13.19
2488,26.23,26.1
624,22.83,22.89
6713,-15.74,-14.73
2968,24.63,24.69
94,10.98,10.85
6490,-15.31,-13.04
2153,2.13,0.99
4753,-15.02,-15.01
2734,27.43,23.54
2184,-3.79,-3.98
6955,42.19,43.05
3956,-6.51,-5.74
3146,17.45,22.55
1208,-9.59,-10.02
3893,-17.27,-17.46
1868,6.54,5.75
5261,11.63,11.61
391,10.34,10.71
1644,-1.05,0.13
5404,-8.19,-8.22
3595,15.75,14.39
3946,-2.61,-2.48
6793,-6.49,-5.22
5980,5.27,5.31
4471,26.25,26.17
6404,-33.83,-34.37
5506,-18.65,-18.15
4758,5.77,6.26
1096,-0.73,0.9
4151,23.04,23.83
2462,8.59,8.62
6005,-27.52,-27.95
1986,6.64,9.29
6083,13.78,12.44
2098,-19.29,-19.03
86,15.01,15.36
3268,-35.96,-37.6
3462,-3.04,-2.79
2313,-13.15,-12.18
3698,14.25,13.75
6970,17.24,16.95
4349,2,2.83
4510,15.39,16.09
6875,42.5,42.81
1815,9.63,9.26
5114,17.72,17.38
5436,23.17,21.73
176,6.87,6.63
7157,-10.84,-8.01
710,-0.93,-0.0600000000000001
5045,-1.97,-1.56
3546,7.25,6.8
369,0.03,0.34
4993,7.41,9.94
1320,6.1,3.95
5077,20.71,20.65
7207,69.41,61.23
4372,-18.89,-18.62
2517,-19.97,-19.21
6493,-13.34,-13.4
6841,23.79,23.47
1214,-6.38,-6.57
368,-21.55,-21.72
3604,-15.83,-15.75
4056,-5.43,-5.45
3740,8.5,8.97
2743,24.38,22.22
1598,0.03,-1.77
4234,5.21,3.95
5699,-5.52,-4.74
5880,3.76,-7.27
469,-14.51,-15.41
2389,-11.17,-10.17
6301,-4.14,-3.64
4239,21.79,21.34
5379,-10.12,-9.9
5779,6.35,5.32
7192,29.35,36.16
7203,122.37,119.92
1385,15.26,15.73
4631,1.05,-0.31
3492,6.64,7.07
3727,-11.05,-10.91
4933,6.19,6.47
3756,-21.41,-21.17
4904,15.28,17.59
7131,-2.83,-6.08
6352,22.82,26.15
1663,19.87,22.27
5953,-7.22,-6.23
2346,-8.07,-8.43
7187,93.67,92.65
6241,5.81,4.23
2122,-23.44,-23.88
5942,0.84,1.32
2032,1.45,1.37
4692,24.51,24.59
1148,15.5,14.95
416,36.03,36.48
1005,-32.14,-32.33
2314,-34.5,-35.5
3535,30.96,30.76
5713,-22.38,-21.89
5160,-34.36,-35.8
3576,9.83,10.18
1163,-1.36,-6.1
3582,28.26,29.22
5397,-6.62,-6.62
7204,91.63,86.75
4283,16.97,17.18
261,6.94,6.32
6550,16.86,14.99
313,17.42,17.35
5085,-15.61,-15.76
3651,5.07,5.61
5339,-17.07,-17.08
4013,-6,-4.9
561,8.55,8.11
157,23.85,24.02
3326,7.26,6.52
6111,-4.2,-1.51
2443,-15.57,-12.08
3129,9.9,8.41
5420,-9.52,-5.61
6868,12.45,14.81
838,-23.67,-24.92
6469,5.11,7.36
630,8.02,7.9
5153,-18.08,-18.26
2833,-5.56,-7.32
796,-11.84,-11.78
4511,-0.59,-0.58
3395,-0.73,0.41
1268,-21.01,-21.67
6376,17.02,17.23
6260,-11.89,-11.84
3320,-1.72,-2.96
2473,-6.9,-7.24
5311,9.52,10.35
2484,-5.25,-5.23
952,4.59,4.86
5951,17.72,17.71
5722,12.87,13.12
98,11.42,11.39
4048,-15.84,-15.93
5525,-2.85,-2.97
5151,-1.76,-0.24
1784,-1.16,-1.36
6920,39.74,40.46
4360,-12.04,-10.61
1259,-9.2,-10.15
6910,-27.54,-28.2
2528,23,22.97
915,7.46,6.75
5868,15.16,14.39
3836,-30.22,-30.44
6229,16.46,15.45
2235,5.15,4.79
1612,-4.54,-4.1
2054,-0.39,-0.81
1132,7.17,7.21
984,7.35,6.6
4062,13.9,13.2
6197,1.05,-0.05
6337,32.9,33.72
5036,-9.65,-9.52
744,-18.81,-18.66
2381,-1.89,-2.52
5659,12.79,12.44
1315,-7.59,-8.51
5046,-3.97,-3.28
3900,23.1,23.12
3707,-5.74,-5.79
3578,2.74,3.51
5721,5.76,5.63
579,23.45,23.8
2960,41.75,41.8
5611,-42.79,-43.16
5651,25.16,27.21
3407,-21.6,-21.4
2962,26.22,25.97
516,-0.58,0.16
5728,-33.28,-32.58
6110,5.29,4.79
3645,4.48,3.87
143,9.14,9.91
3337,-11.29,-10.04
2889,-23.64,-23.78
5242,-14.46,-14.9
5519,26.33,26.39
6520,4.22,5.47
6055,8.93,10.45
6183,-12.4,-14.56
2716,-19.92,-21.22
3131,36.74,29.5
5201,28.68,26.71
6647,-28.61,-29.46
6309,-32.65,-28.56
3449,9.91,10.35
1687,-2.56,0.52
5547,37.19,37.52
4591,35.07,34.92
6646,-13.09,-11.49
2536,-3.99,-3.44
5797,33.77,35.41
5594,2.95,2.17
3398,-2.16,-1.98
5319,-2.35,1.02
2030,1.59,2.14
4873,10.54,9.32
2935,11.73,11.95
2573,1.67,1.46
740,-3.24,-3.3
3072,26.29,26.39
180,18.82,19.15
4175,59.72,60.43
1684,-9.27,-10.19
2865,-25.62,-23.63
5798,-10.15,-10.11
5093,-32.57,-33.5
5394,-2.08,-2.37
3314,27.67,27.8
130,-4.66,-4.55
263,49.81,49.02
2140,-11.76,-11.26
6675,-3.31,-3.29
5532,-38.63,-40.15
2893,-34.76,-34.56
6589,-25.94,-26.22
3989,46.89,47.65
230,-1.41,-1.7
1572,2.49,2.01
6757,-9.47,-9.71
5450,15.48,14.38
2341,14.36,13.96
6046,32.4,31.16
5710,-28.9,-30.87
1128,5.33,4.24
1145,-7.72,-9.19
5697,-3.84,-3.38
1040,4.94,5.07
3976,34.94,37.22
6510,-26.55,-31.17
198,12.85,12.75
2111,0.93,0.84
6485,-28.86,-29.41
3177,-3.74,-2.94
978,13.54,13.19
6331,13.52,13.21
1531,23.19,14.85
6963,-37.59,-35.73
2282,-13.85,-13.48
435,-0.11,-0.31
266,6.15,5.67
5790,-3.45,-3.4
3510,-1.07,-1.14
986,-28.85,-28.37
1047,-3.64,-5.44
381,7.64,7.62
5550,-36.95,-38.71
6279,-33.17,-30.68
3622,10.23,9.78
382,0.74,1.78
170,21.89,21.92
5958,24.44,23.31
5878,-14.29,-15.68
5476,-24.17,-23.77
5860,11.29,11.7
1013,-5.73,-5.78
3550,27.91,28.06
5352,-10.2,-10.29
2871,-14.56,-13.89
5670,12.45,12.15
4138,10.47,10.31
6536,-22.95,-16.63
4318,7.54,10.11
2220,7.98,7.78
2253,23.04,22.15
641,14.42,13.95
2161,-3.76,-3.99
847,15.09,15.4
4505,4.53,4.31
4742,-21.98,-19.35
6217,10.27,10.5
2474,-1.25,-0.91
5002,44.05,46.33
3559,-0.75,-0.39
2431,14.57,14.46
5619,4.13,5.07
3210,-20.56,-21.11
6902,8.43,7.22
4788,3.84,3.97
2162,-5.86,-5.36
4036,-33.15,-33.35
2307,16.59,17.12
1161,0.2,-0.72
3179,-4.62,-5
6195,-18.75,-18.66
498,15.09,14.91
139,13.56,13.28
4789,-7.51,-9.83
6640,35.93,35.69
4766,-10.22,-10.46
6016,44.88,45.03
1722,-29.8,-30.62
4044,-18.37,-17.74
460,16.52,16.91
6162,-31.93,-33.52
3607,-8.62,-8.61
3333,-9.26,-9.12
3107,15.08,14.19
2581,14.75,13.69
637,8,7.68
1984,-7.95,-7.4
1647,10.11,12.57
1714,-14.93,-15.28
2318,16.33,15.66
4267,4.48,4.69
6921,-34.83,-36.3
3232,-29.18,-29.08
5801,-11.35,-12.12
6297,14.91,14.48
5918,5.79,5.99
2515,-18.59,-19.28
3714,-7.1,-7.49
1058,0.75,0.65
3963,3.15,3.87
2672,21.93,21.5
4063,-2.11,-3.47
3975,9.06,8.75
1577,0.74,-0.95
2293,-31.65,-33.63
2351,2.46,3.01
3145,-3.34,-4.02
1295,-23.83,-23.79
3519,-2.1,-3.14
6729,11.65,14.44
713,0.11,-0.49
3874,-17.12,-16.34
1956,1.03,1.84
6357,11.02,10.95
1282,-28.3,-27.72
6441,14.96,15.53
6693,11.48,11.32
4722,18.92,17.38
6934,-27.56,-30.89
4077,-18.07,-18.29
3121,-3.57,-4.4
3127,-4.24,-4.66
1381,-13.32,-13.42
5062,-31.96,-30.41
5992,-10.42,-7.7
6407,-25.1,-23.99
5193,-32.68,-32.25
7193,47.09,53.75
3028,13.81,12.88
2783,6.62,5.75
519,-1.43,-2.8
6615,-10.45,-10.73
2319,21.94,20.86
76,2.24,2.2
1855,-25,-25.19
5170,19.42,19.84
393,-4.67,-4.62
5998,-6.24,-6.65
3854,0.01,-0.69
819,-11.23,-11.56
789,16.15,16.6
3164,-25.71,-25.64
4266,1.09,2.97
50,18.08,18.04
6296,24.25,25.11
4802,3.49,3.11
4566,16.43,16.42
4635,-42.38,-41.47
4998,4.72,5.04
1309,1.65,0.72
5490,2.88,3.5
47,-12.98,-13.03
2156,-2.95,-3.02
1150,26.76,26.86
2315,-3.62,-3.22
3741,0.85,0
4812,2.02,1.62
1129,15.6,15.64
3973,10.97,10.58
1525,17.52,18.49
4541,-1.38,-1.57
2638,-0.4,-1.74
5495,0.6,0.9
3530,-10.39,-10.38
2426,-8.12,-10.67
2510,-2.65,-3.03
1124,-11.63,-14.5
634,7.92,7.41
2500,1.5,0.95
2576,2.56,4.6
1876,7.04,7.38
386,14.65,14.36
3781,-20.41,-19.91
1178,7.62,8.47
6909,-8.97,-14.64
666,-0.91,-2.33
4950,29.84,21.63
5398,-38.35,-37.66
6156,9.74,9.21
4656,8.06,7.59
2873,12.28,12.34
1845,-43.3,-41.64
4910,10.55,11.51
4512,21.79,21.65
5650,1.7,-0.38
6667,-0.98,1.63
684,-2.31,-2.58
4222,25.04,24.56
844,-1.66,-0.71
4854,-39.65,-38.88
6222,12.67,11.39
5970,14.34,13.29
1581,-13.98,-14.37
3079,-3.07,-4.19
6402,-14.55,-15.22
3485,-18.01,-17.41
5034,8.47,8.72
2791,41.25,41.09
834,2.78,2.77
6107,-14.12,-14.26
3108,8.77,13.63
4208,-11.33,-9.72
4095,12.61,13.04
6834,8.2,-6.44
1398,-5.71,-5.44
1752,-20.82,-20.67
3616,-2.82,-2.38
131,7.58,7.78
6196,-23.25,-22.03
5070,-1.03,-1.63
5858,47.25,47.48
6687,12.99,12.44
2633,8.51,8.69
3861,14.31,14.33
2338,6.32,5.88
2981,18.11,17.74
6503,-44.8,-44.16
4116,-7.22,-6.1
2245,8.12,8.34
7161,53.25,54.69
2433,14.44,14.15
6384,-26.45,-28.38
2752,9.06,6.64
1204,-6.55,-6.26
2739,12.2,12.74
2182,12.99,13.05
2149,13.44,13.73
181,6.66,6.44
4716,-8.66,-10.4
5405,-6.33,-6.46
5816,-31.23,-30.18
3159,16.21,15.38
4238,-2.96,-2.69
332,-37.74,-31.28
2745,28.84,28.54
590,-14.93,-15.34
5110,28.92,28.17
2135,0.22,0.73
6047,32.5,32.07
3206,-7.85,-7.24
6518,4.54,4.05
4432,-1.27,-1.37
4146,3.24,2.32
4258,11.29,16.23
5531,-9.65,-7.51
1126,-32.7,-33.52
6324,16.14,16.42
1108,31.85,31.64
4394,-18.87,-19.79
1754,-27.4,-28.06
1788,-0.4,-0.4
6118,-15.38,-15.83
7009,3.48,3.21
1751,8.45,9.09
3883,-8.58,-8.77
3355,-16.38,-16.04
6632,13.01,12.85
1994,-24.67,-24.52
4710,-10.71,-10.19
394,-18.29,-17.33
2851,-13.34,-13.29
5841,-0.23,0.97
5593,10.04,10.19
3554,32.38,32.59
6792,-6.52,-5.14
1658,6.76,5.59
2470,2.04,1.8
2126,-21.71,-21.09
5855,44.4,43.75
3303,3.29,3.29
6923,-27.24,-25.78
6916,-29.24,-31.18
5894,11.96,10.25
6735,-3.39,-2.34
1928,-7.6,-7.68
4271,-17.2,-18.08
3718,-32.28,-31.9
774,-2.13,-2.52
1591,-8.26,-26.56
6557,-8.5,-8.49
4326,-13.04,-13.46
5962,27.15,27.03
2568,-3.08,-4.44
5635,13.04,13.27
4132,8.09,7.44
7003,15.31,12.15
2466,1.64,1.88
4060,-8.99,-9.01
6101,-17.22,-10.72
6412,-9.22,-9.08
1716,-18.63,-18.53
3827,-15.66,-16.43
2540,-15.14,-15.98
2826,26.27,26.44
7101,-16.65,-17.95
5140,1.08,0.89
6403,-48.27,-47.4
2637,1.97,2.42
5539,9.63,8.17
6320,4.89,5.67
178,13.87,13.64
5406,-25.44,-24.79
5451,26.25,24.07
3004,-2.74,-2.79
4755,3.82,1.65
3970,22.75,23.3
3368,-16.21,-16.59
1998,62.31,61.7
2985,-40.41,-37.9
4597,19.25,18.23
3014,21.31,23.13
6481,32.82,33.22
2505,1.28,1.4
3746,-0.45,-1.71
2460,14.71,14.29
5098,-2.02,-5.21
2957,41.43,41.45
1835,-40.15,-40.95
913,6.16,6.66
1106,8.36,8.72
3945,7.07,7.25
852,16.57,16.44
2738,24,23.69
6844,35.36,34.8
3191,-0.08,-0.21
3090,13.73,14.43
957,7.92,8.62
1642,2.4,1.3
3461,-9.43,-10.22
7023,-28.25,-26.95
4784,-41.04,-40.94
1828,9.9,9.18
3730,13.37,13.13
4965,-1.64,-3.55
4548,14.21,16.01
628,-32.81,-31.61
4087,5.08,2.98
7199,44.84,54.85
2901,-9.81,-10.89
1832,-2.37,-2.62
451,-25.55,-25.54
2121,1.38,1.61
183,20.3,20.98
6031,12.6,12.54
6462,0.53,0.51
6999,-28.21,-27.88
2417,-0.58,-0.08
4954,8.77,19.47
860,-3.5,-3.85
5315,9.14,8.76
3615,-5.71,-6.18
2841,4.95,5.42
1970,35.97,35.99
1626,-3.39,-3.25
1511,12.41,12.15
1614,33.64,34.98
4186,51.45,51.94
6543,4.7,4.86
7160,20.6,20.1
3814,-12.29,-11.58
456,-0.29,-0.34
5995,6.93,7.3
3111,-0.93,0.1
4288,30.99,31.23
1213,-7.57,-7.52
5296,-33.91,-33.3
4240,7.35,7.21
5554,-24.89,-24.81
4248,-4.77,-3.77
1698,-19.68,-20.35
2554,7.51,7.2
6119,-39.07,-38.1
5915,7.87,8.1
2177,-31.68,-30.74
4994,7.01,6.74
480,-8.91,-8.66
6010,20.86,24.23
2646,-2.57,-2.34
3521,-3.88,-3.24
5166,-37.87,-36.29
4136,15.85,16.68
3350,-11.76,-11.77
5058,-24.39,-23.51
1616,27.71,21.87
3768,43.84,43.9
1423,15.69,15.26
4745,-3.47,-10.44
3564,-1.8,-1.74
2128,-5.46,-5.9
5250,-20.93,-20.48
3875,-11.74,-11.97
1929,13.42,13.35
1962,2.99,1.52
553,33.44,33.1
1092,-12.05,-12.4
6219,17.4,17.33
1799,2.89,2.44
3750,21.06,21.02
3409,-23.02,-22.19
650,6.64,7.23
5345,-4.06,-4.14
1726,-8.52,-8.47
3482,-9.17,-9.2
1296,-20.96,-21.7
6887,49.89,50.83
6192,3.12,2.2
871,-3.45,-2.67
5907,18.32,17.99
3296,-12.04,-12.93
5745,27.16,27.15
5974,7.6,7.5
4603,50.7,44.48
1645,21.88,24.5
5562,-28.35,-28.26
3000,25.79,26.32
6088,15.29,14.19
729,14.21,13.54
2519,-18.04,-18.43
4630,1.71,2.47
6426,-14.56,-13.25
7012,-5.35,-5.03
3933,-15.7,-15.16
5298,-41.7,-42.17
908,-32.52,-33.4
4519,9.71,10.91
5843,4.01,5
2594,33.7,33.21
5410,-36.02,-34.93
5668,17.03,17.42
6049,37.65,37.34
1836,-33.71,-32.17
6284,-0.13,-0.08
1245,3.07,2.9
1952,12.86,12.18
4781,1.9,0.48
2010,0.15,-0.82
2158,19.13,19.56
287,23.37,23.56
6391,-13.54,-13.72
4197,3.49,3.26
1240,5.3,7.59
2687,21.04,21.03
2707,-3.54,-5.94
6864,31.72,32.36
85,-2.81,-3.22
4501,21.23,21.57
2866,-40.47,-34.9
350,7.23,6.8
1065,-5.39,-5.33
3505,22.41,22.34
3558,28.08,28.49
4329,-46.89,-34.5
5157,-34.4,-35.59
6658,-23.45,-21.68
1009,-11.81,-11.14
6165,-18.75,-20.38
5823,-25.21,-27.29
7000,-5.99,-6.07
4585,27.32,27.54
4940,-6.42,-7.69
4682,-28.97,-28.57
3416,-26.19,-26.44
2167,-6.56,-6.38
5544,27.24,26.55
1219,-18.98,-19.06
3293,-17.98,-16.67
4743,-7.22,-10.96
993,8.41,7.07
6974,-40.02,-38.23
3283,-18.22,-17.99
942,-3.49,-2.68
2404,-17.12,-16.77
1627,-3.12,-3.34
6017,44.81,44.15
3046,21.55,21.57
6420,-29.26,-30
1610,17.03,18.53
1847,-17.3,-18.41
1196,-32.34,-32.07
4818,-1.77,-2.01
5559,13.2,12.38
582,43.21,43.03
7005,-22.12,-22.56
2112,-7.13,-6.85
3633,-16.07,-16.29
5734,-32.78,-32.57
413,16.06,16.12
925,8.08,8.31
1762,2.17,1.69
1027,-27.89,-27.63
2237,6.45,6.44
6781,-14.38,-11.65
1909,-18.95,-19.5
3381,29.2,28.61
4997,-6.41,-7.72
3466,-15.16,-15.16
992,10.08,9.37
6497,-12.66,-14.53
4118,-7.29,-8.36
2034,29.58,29.95
6579,7.91,5.28
2089,6.6,6.36
3120,-2.58,-1.08
909,14.66,15.06
5879,-11.15,-14.1
1668,2.17,2.18
3441,-7.59,-8.8
2036,7.04,7.02
1184,-11.04,-10.86
1549,10.07,-3.36
5455,6.68,7.07
5272,15.44,14.62
2688,57.03,57.37
6086,4.33,4.76
2525,12.65,12.77
2087,-14.53,-14.49
3100,-3.16,-3.99
6064,21.16,21.42
434,-6.37,-6.54
1221,-20.85,-20.83
3473,-25.12,-24.23
3672,-8.82,-9.5
3420,-26.12,-27.26
4212,-14.48,-14.19
6679,-31.42,-31.16
5738,-16.38,-16.53
1565,19.7,19.6
1584,34.57,34.61
1003,13.32,12.4
1708,35.14,35.58
1498,15.27,14.64
1907,-0.33,-0.02
3470,-0.53,-1.26
2547,22.34,21.66
1844,-17.06,-16.96
3371,-1.71,-1.63
467,7.7,7.61
1246,23.31,23.27
5360,-33.02,-37.1
2506,-6.42,-5.92
1768,-20,-17.58
7182,-27.69,-25.83
1495,4.25,4.03
2205,6.34,6.47
522,-3.1,-1.51
6316,-8.12,-7.98
2132,-23.06,-22.4
6651,-4.08,-3.9
1950,-5.8,-5.64
5392,-34.9,-35.63
1435,7.88,7.38
1242,7.19,6.97
5382,5.01,5.55
6560,5.86,6.98
2074,32.66,32.63
5162,-34.32,-34.63
919,15.1,15.53
1811,29.62,28.93
4515,0.13,0.22
1382,-9.69,-8.87
748,-1.54,-1.76
5579,12.93,10.25
1509,8.19,8.21
7208,-15.45,-14.74
1059,-16.42,-15.05
6936,-31.46,-31.14
6749,-4.8,-4.09
30,19.64,19.22
4469,44.71,44.85
3017,-27.92,-26.22
6326,3.9,3.43
6738,-16.38,-14.55
12,16.02,15.87
3936,-7.47,-8.84
4780,-19.4,-15.97
644,20.37,20.6
1441,15.37,15.65
4902,-13.97,-13.74
5051,-33.86,-31.13
5985,26.07,25.57
2082,-16.85,-17.1
5982,-15.69,-14.6
5069,15.92,12.69
2978,20.63,20.52
1816,8.81,7.66
1502,-7.52,-7.55
3490,-3.9,-4.13
2294,2.3,3.07
703,35.89,36.17
6929,-35.18,-32.61
1017,-18.25,-18.11
944,-6.31,-5.24
5771,-17.07,-16
5466,17.73,18.22
2837,4.5,3.88
1333,-21.63,-21.36
2524,14.86,15.1
4124,13.02,13.35
6121,17.74,18.84
3150,0.98,0.63
1375,76.44,76.6
2663,21.96,21.85
1302,-26.88,-26.1
3849,0.04,0.75
2864,-17.74,-20.55
6567,-39.31,-41.29
2189,-16.67,-16.77
1056,22.11,21.64
329,10.81,10.71
750,-11.68,-11.77
2621,-13.78,-13.59
1863,-23.02,-22.62
2019,-37.6,-38.2
5452,34.61,35.33
6377,-2.05,-3.57
250,-18.81,-18.77
2680,-0.22,-0.35
2046,12.22,11.89
2511,6.76,6.28
851,23.24,23.25
1414,17.77,17.32
328,-2.11,-2.18
4651,-39.04,-39.76
1165,84.78,85.1
5744,4.5,4.54
1655,23.68,23.65
2016,-23.12,-23.14
3160,-0.12,0.18
92,13.42,13.33
1237,-17.35,-15.64
6009,27.99,26.87
4791,16.74,17.72
2276,-7.57,-7.74
692,-23.65,-23.13
2146,-31.38,-31.37
6347,-1.74,-2.96
6478,31.14,31.4
1120,-32.28,-32.67
5475,-30.19,-28.57
4807,-19.97,-19.21
5356,17.87,18.03
338,-31.11,-32.91
5341,-15.16,-14.96
5480,-15.62,-14.64
1189,-12.6,-11.62
317,10,10.18
2154,11.76,12.64
6444,24.94,26.21
6865,1.83,1.44
3599,-8.36,-8.68
1544,-0.24,-0.14
107,6.87,6.33
5196,25.8,27.27
4895,2.88,1.82
5473,-11.82,-12.39
2246,7.09,8.21
6409,-0.28,0.14
5344,-28.25,-30.7
6637,15.54,15.25
7066,-24.32,-20.43
5834,7.62,7.58
4018,-9.02,-9.15
4242,14.09,14.17
3681,-25.11,-25.05
283,-4.45,-4.46
2155,9.35,10.15
3167,-14.44,-13.83
5192,20.4,16.05
1112,25.91,26.33
4015,-0.89,-0.21
2684,-1.49,-1.32
6325,3.97,5.01
4964,9.25,10.5
1913,-22.8,-21.09
2768,-15.23,-15.88
5061,-13.48,-12.95
741,-18.07,-17.35
2811,4.1,4.57
4441,17.2,17.86
3951,9.38,8.99
976,-2.39,-1.42
4549,70.1,72.05
3665,-6.89,-7.26
2671,18.17,17.94
4356,-27.99,-26.92
3527,22.08,21.54
4144,20.02,20.49
384,-19.73,-19.72
1985,6.21,7.56
2119,-7.81,-8
4268,-2.95,10.1
1606,4.11,2.43
6305,-15.43,-14.43
4076,16,16.05
1313,-15.4,-16.56
3932,-13.32,-13.23
6873,18.03,13.66
320,28.94,31.19
4858,-37.34,-40.22
15,-1.87,-1.72
3538,3.44,3.35
4476,45.66,44.6
5785,-10.95,-12.27
1518,-8.34,5.2
3436,-13.71,-12.94
5274,3.14,3.43
7062,43.44,42.97
2682,-0.59,-0.36
6178,-20.59,-20.41
4897,-21.11,-20.85
2897,-31.48,-31.98
3484,1.05,1.11
4879,12.07,13.48
1399,-13.9,-13.53
4190,19.94,20.05
7196,42.74,44.78
3330,-1.53,-2.48
5332,-13.12,-9.74
1284,-22.79,-23.17
2059,13.91,13.86
5591,-16.48,-16.94
3596,-13.14,-13.13
3218,-16.35,-12.61
1514,-12.77,-13.16
5461,24.1,24.38
2521,-9.76,-8.2
6275,23.72,24.76
1519,32.82,28.54
5414,-32.72,-32.41
1363,7.74,7.32
3041,-5.81,-5.11
1711,-45.05,-37.54
6635,-27.08,-28.57
4567,24.79,24.03
5520,-25.2,-25.54
3348,-18.3,-16.09
6607,0.7,-0.57
3254,4.42,3.84
6267,22.33,22.2
459,-10.53,-10.11
4503,-14.83,-14.31
3691,-5.18,-5.15
1118,-38.19,-38.91
2847,-2.51,-1.86
316,-7.83,-8.12
5704,21.6,19.96
4533,-27.5,-27.08
6877,11.57,12.42
3639,-6.83,-7.3
1590,1.37,0.81
3171,-2.33,-2
1475,16.52,16.35
1019,-10.04,-10.87
4332,-32.58,-32.41
109,-2.56,-2.4
5161,27.97,28.37
7095,-13.95,-9.73
3372,-34.08,-35.87
4148,1.91,2.15
4383,6.66,6.79
7165,48.93,52.15
6112,-9.35,-9.24
236,-16.56,-16.57
3668,-8.04,-8.24
3459,-18.26,-19.46
5933,12.8,12.97
2491,-10.98,-10.74
4085,-28.74,-28.49
2072,9.55,9.42
5029,15.18,14.89
2572,3.18,2.35
3577,11.92,11.24
2732,-18.07,-17.11
1765,-45.37,-43.69
1586,15.09,14.33
1965,25.8,25.8
2591,35.09,34.06
6946,-27.78,-27.3
237,-14.9,-14.76
2150,18.25,18.49
691,12.12,12.81
3908,4.24,4.93
5683,-4.61,-5.16
3426,-14.8,-14.51
3988,22.6,23.57
3673,-23.65,-23.3
2779,58.5,58.77
3667,-21.09,-19.97
305,19.39,19.04
6935,47.48,56.26
103,-9.76,-9.79
682,-20.24,-19.24
2025,-6.59,-6.08
646,28.38,32.98
5530,-9,-9.66
295,12.78,12.86
5481,9.82,10.92
6255,41.51,40.71
5497,-2.81,-2.68
3545,28.87,29.24
2938,10.15,9.87
13,28.08,28.77
1735,27.47,27.3
6346,7.56,12.6
4333,-36.1,-35.28
4976,-26.62,-26.91
6771,-23.45,-22.16
1988,27.71,28.22
2075,29.07,29.98
752,-12.1,-12.46
1036,-3.27,-3.14
5095,-25.17,-25.23
4390,-30.87,-29.96
6081,-14.26,-12.28
1334,-21.43,-21.26
3839,9.22,8.89
7052,44.39,43.69
4040,-13.13,-11.94
2755,7.57,7.98
4172,21.46,22.07
551,23.29,22.96
5598,-36.15,-37.37
1018,-24.57,-24.88
4257,34.36,32.86
5079,-19.55,-20.61
554,-4.17,-4.33
1280,-13.73,-13.79
4872,-3.27,-2.8
3901,-3.08,-3.7
1867,25.75,25.56
7138,-1.77,-4.2
1561,33.62,37.7
5870,8.96,9.12
5322,6.84,6.97
5727,-31.29,-33.11
5399,-28.81,-28.54
4243,17.81,16.4
4659,10.69,-6.24
1383,8.33,8.69
1362,22.62,22.68
1122,-4.95,-5
4492,9.47,9.47
6710,-13.88,-14.1
5054,-31,-31.23
494,-5.89,-6.19
1736,-11.48,-10.79
5595,1.97,1.2
7030,-21.37,-20.68
4626,1.77,0.97
6120,-26.97,-26.86
2382,-9.11,-9.39
1982,-36.35,-37.42
49,10.64,10.66
7096,58.19,64.19
1723,-22.41,-23.62
6449,25.13,25.07
3777,-6.3,-6.34
2816,-5.02,-4.07
1319,3.29,3.19
2322,9.11,8.76
3722,-11.05,-11.6
42,20.65,20.68
6634,-10.48,-10.5
763,-8.62,-8.58
53,13.73,13.54
3786,-2.03,-2.55
518,-4.58,-4.24
4529,16.86,18.1
1905,-34.38,-33.06
491,-28.87,-29.39
4633,7,6.23
3539,7.95,7.92
6067,-16.75,-16.75
1038,0.41,1.65
1430,-8.85,-8.76
3123,-10.68,-3.61
39,18.08,17.94
870,10.98,11.52
2822,5.98,7.43
4284,15.92,15.06
41,35.03,34.91
4574,17.04,12.72
6572,-23.84,-21.76
6657,-10.92,-9.05
4813,-1.37,-1.55
5267,-39.82,-40.23
6731,-17.13,-16.55
2228,8.29,8.46
2303,-6.21,-4.75
1779,13.08,13.37
2953,-6.77,-6.74
3965,8.66,8.67
5282,6.15,5.93
5028,-31.77,-31.61
1432,-7.17,-6.63
875,-2.48,-2.87
1806,1.04,-0.44
4570,24.16,24.01
5756,-11.07,-11.51
2279,-4.81,-4.58
2702,0.94,0.32
4929,-3.16,-4.35
5996,20.72,18.14
6815,16.93,11.55
1367,2.09,1.93
3365,-10.59,-11.94
4491,-10.33,-11.07
6760,25.2,26.35
5025,38.12,38.34
585,20.92,21.59
4073,-8.78,-9.39
4876,6.61,6.77
1898,-12.59,-12.67
511,3.01,2.62
6655,-15.67,-16.01
4688,-8.27,-8.71
5286,0.47,-0.36
16,18.49,18.02
4483,19.54,19.59
1938,-6.05,-7.04
4230,13.17,13.27
515,5.38,4.8
5753,-6.21,-7.13
6831,7.81,8.18
3011,31.3,30.32
77,24.1,23.82
2894,-31.88,-34.01
670,-1.32,-0.93
419,-13.61,-13.53
3185,-10.15,-9.71
4990,5.66,4.94
2499,21.36,20.94
1190,-7.92,-9.61
2715,1.97,1.7
5240,-36.79,-37.83
432,-18.3,-18
4410,-7.03,-6.26
3128,4.39,2.86
5189,-7,-6.59
738,-2.64,-2.58
5281,-1.23,-2.95
2507,-12.13,-11.67
2700,1.33,1.1
903,-5.17,-6.19
4889,31.78,31.2
373,16.23,16.84
719,4.38,3.92
5778,-20.63,-20.91
997,-26.8,-26.66
5491,-27.85,-27.7
771,1.11,0.86
2951,30.87,30.12
6435,25.66,25.44
985,-0.99,0.38
4805,-1.41,-1.58
4168,24.52,25.66
4828,-48.32,-48.08
442,18.17,18.56
4255,5.54,5.82
3059,-1.4,-2.62
6266,-2.61,-1.05
4856,12.07,12.71
5963,-24.64,-23.04
2881,-0.89,-0.72
2249,7.25,6.91
3097,-11.26,-10.62
4811,-1.7,-1.36
331,-6.59,-7.2
1611,29.14,28.45
3594,-9.88,-9.33
3860,10.25,10.3
1342,5.02,5.07
310,-6.61,-6.47
1881,8.84,7.53
2471,22.17,22.49
3509,5.01,4.79
5767,-8.85,-8.54
1569,24.7,25.37
5528,-21.11,-21.01
1969,8.04,8.31
5081,-26.32,-26.77
1967,5.65,5.32
134,-11.52,-10.77
6612,-16.94,-16.54
2109,-22.62,-23.05
688,1.76,2.09
4892,5.15,5.76
3270,4.5,4.75
6898,-3.33,1.62
2744,9.75,9.02
3251,-46.87,-47.57
424,31.21,31.47
3523,2.02,2.73
736,-8.35,-8.38
4852,-31,-31.76
3105,-1.67,-1.12
975,13.36,12.66
974,-27.93,-28.25
607,16.58,16.31
5788,8.8,9
411,18.2,17.93
1283,-26.85,-27.29
2467,11.1,10.92
1911,-22.36,-21.33
5257,-15.83,-15.24
1794,17.2,17.45
7047,34.99,27.92
2529,-1.32,-1.25
5273,-34.09,-33.37
2887,31.43,30.34
6091,-19.02,-25.12
4827,17.7,17.18
399,8.3,8.62
6549,38.66,37.63
2299,-34.28,-33.98
5932,22.72,22.87
2230,10.9,9.96
7044,42.45,37.76
4355,-41.57,-41.14
2211,14.71,14.52
56,-21.58,-21.58
5637,1.06,1.5
5674,9.01,8.09
5203,19.69,20.34
5038,12.57,12.52
5366,-31.67,-32.92
6862,5.94,6.29
690,3.35,4.09
1878,9.11,8.85
3085,-10.79,-5.06
1694,-15.6,-16.1
6286,-16.15,-15.44
1412,-3.75,-4.51
6511,-13.72,-19.91
6080,-17.36,-17.93
1493,7.9,8.08
2777,-8.53,-10.43
4153,29.13,29.26
640,-6.22,-6.41
2999,5.33,5.26
2447,-8.31,-8.06
4244,-21.6,-21.3
701,0.85,0.9
2113,-23.24,-23.55
1864,4.37,3.57
6457,25.18,18.84
4935,-1.73,-1.67
3204,-17.78,-16.51
5037,8.25,7.41
4109,-4.95,-6.11
800,-15.24,-14.33
1117,-4.43,-3.93
6186,-16.79,-16.27
6837,14.19,14.85
290,15.54,15.3
5187,-14.14,-13.25
6931,-25.96,-22.73
1215,-3.9,-3.7
6310,-16.89,-13.48
1456,3.37,3.66
3619,-9.89,-9.32
2490,-8.77,-8.93
7115,36.67,35.54
6221,10.41,9.99
7185,87.41,87.18
6722,23.05,23.4
1696,-46.4,-38.69
6054,5.29,7.31
150,4.58,4.74
4720,13.24,11.29
5244,-15.05,-15.21
3434,-15.33,-16.62
3438,-33.58,-33.7
2233,3.88,3.24
5278,20.46,21.57
1693,-15.7,-16.38
3433,-16.3,-16.03
3413,-12.51,-10.96
1690,-18.96,-18.28
3109,-7.64,-5.82
3904,3.78,3.42
6905,10.26,5.49
4012,-10.14,-9.96
556,28.47,29.05
5310,-12.47,-12.38
1417,16.53,16.72
439,-9.4,-9.64
3250,3.07,3.62
5646,-2.15,-2.42
1140,-10.35,-10.13
872,8.39,8.22
6914,-31.04,-32.52
4588,30.82,30.58
1853,-27.14,-27.74
5033,-38.85,-40.02
1761,-11.98,-11.2
3493,-28.71,-28.14
782,-7.1,-6.83
1769,-24.2,-23.56
7038,47.24,47.53
6569,-31.64,-31.33
2398,-5.35,-4.75
5139,-3.71,-4.1
7149,-25.66,-24.21
4583,31.51,29.08
2717,-2.18,-2.51
6006,-9.95,-12.09
1222,-20.46,-20.04
6504,-37.18,-38.26
3984,27.08,27.16
3553,12.39,12.03
6465,-4.3,-8.42
3696,-19.55,-19.73
6786,-1.92,-3.88
2186,-4.99,-5.06
7007,-29,-28.94
5087,-3.61,-4.5
4721,-35.03,-34.72
2353,2.52,1.67
4577,6.74,7.18
2344,6.97,6.65
2856,-10.17,-10.68
3647,-29.97,-29.77
1448,36.8,36.35
4103,13.4,13.51
614,9.96,8.98
662,17.04,18.99
723,3.9,4.51
6124,13.56,13.46
6477,-8.34,-8.27
6455,-3.04,-2.64
1030,1.48,1.73
1285,-22.89,-22.94
1912,-25.15,-27.14
185,-18.18,-17.64
4767,-8.59,-8.85
1341,15.95,15.77
2380,20.85,20.98
1352,2.09,2.32
5154,-14.01,-13.21
4746,-17.44,-21.03
1771,-19.02,-17.18
6631,5.63,5.91
2749,-12.96,-14.55
5415,-36.14,-38.01
2508,23.4,23.51
5027,15.79,15.98
6895,11.39,10.41
6691,10.88,11.43
1887,0.46,1.8
4391,-28.95,-29.22
2369,20.97,21.09
430,-17.37,-17.62
2772,14.66,14.98
6819,-6.73,-7.47
3291,-13.34,-9.65
2592,0.79,0.29
2048,12.25,11.57
122,17.09,16.95
897,-10.75,-11.24
4320,-13.01,-13.36
6185,13.36,12.68
840,-10.13,-9.75
2958,19.56,19.68
2612,-19.35,-19.56
3074,1.44,0.32
3524,3.27,2.11
4002,11.96,11.89
7045,31.65,26.11
552,11.82,11.74
3003,13.97,13.45
1373,-1.08,-1.71
2454,2.5,1.82
6525,-43.96,-44.71
6714,-12.74,-14.24
45,0.05,0.01
5822,-12.34,-9.6
2213,7.52,7.46
6617,-18.74,-23.08
4417,-1,0.29
4226,10.62,10.72
6295,2.88,2.14
4706,-11.13,-11.48
4314,-1.6,-1.13
5856,37.64,37.23
300,19.93,19.88
4338,-16.45,-15.68
6304,-27.37,-26.06
4671,7.33,7.28
3625,-0.57,-0.81
5266,10.14,9.35
2464,5.24,4.27
1353,3.58,3.82
4411,-16.15,-15.19
3260,-8.98,-9.15
507,16.53,15.65
6389,-21.28,-21.94
4041,-4.02,-4.21
5625,-27.59,-27.35
5287,-27.05,-26.93
1444,17.12,16.81
3702,-22.29,-21.82
453,1.27,1.63
6128,-20.29,-19.64
4334,-15.23,-15
111,-21.15,-20.61
787,13.61,13.36
4596,34.72,30.95
4289,-2.13,-2.48
2424,1.96,0.54
2965,5.17,5.23
3654,4.89,4.93
777,-33.78,-34.08
542,17.1,17.25
2033,10.16,10.05
610,9.53,9.51
4674,-26.64,-26.03
605,14.9,14.94
6060,8.42,7.56
6762,11.39,11.81
6330,12.74,11.56
6198,15.75,16.47
3091,-7.17,-6.96
4945,-26.39,-28.94
4414,-18.33,-18.63
4653,-45.72,-46.45
5662,24.15,24.94
4665,10.19,12
4082,-23.34,-23.15
4520,-15.19,-16.06
4276,4.26,4.89
1462,-8.38,-8.18
1317,-12.14,-12.55
4301,12.16,12.53
4826,-2.28,1.33
6537,-12.61,-12.98
5874,-0.83,-1.61
3336,-14.92,-15.87
4546,22.98,22.9
7190,37.1,42.94
5558,18.06,17.63
6062,28.78,30.04
6398,-28.17,-28.88
6578,-20.77,-20.01
6527,-39.94,-39.25
1459,14.21,13.95
2413,32.22,33.17
2696,2.71,2.34
4673,-12.96,-13.21
3480,13.26,12.05
6913,-28.91,-31.23
1191,-7.15,-7.82
5441,50.57,51.48
4006,-4.52,-4.7
10,8.98,8.56
1330,-19.83,-20.29
4192,24.76,24.62
4616,24.54,29.46
3748,4.62,4.02
3797,-18.44,-19.07
3920,-21.51,-21.22
857,7.84,7.6
4927,0.79,1.5
6965,-27.89,-26.67
5326,8.32,7.81
5540,13.77,12.88
5248,20.2,19.39
5587,-1.2,1.04
3961,-4.31,-4.26
1592,-7.09,-23.81
619,6.25,6.53
4207,3.45,4.38
6700,20.08,20.1
615,34.07,33.93
508,-0.81,-0.42
1073,59.96,60.66
5791,-12.89,-14.13
4003,5.24,5.33
5606,-11.14,-16.94
2004,24.96,24.91
3628,-12.84,-12.92
3811,-22.17,-21.14
580,29.3,28.94
2886,11.07,10.55
4404,-29.6,-28.69
3592,11.67,11.46
1460,34.02,34.01
2879,38.61,37.86
3903,-6.61,-6.98
1977,-8.74,-8.57
3402,-16.23,-15.16
7175,-33.97,-33.71
1993,1.87,4.01
3770,6.44,6.53
4206,-2.33,-2.9
5786,-30.08,-30.28
597,-21.06,-20.07
2588,5.42,6.8
4850,-31.78,-32.38
4105,-0.68,-0.38
2769,-9.59,-8.81
1266,-23.64,-22.89
1758,-14.18,-13.58
6961,-35.01,-37.61
6671,12.88,12.93
848,22.67,23.17
5914,3.18,2.97
6032,37.97,38.77
3890,-19.26,-20.3
2287,-2.36,-1.49
3236,-14.55,-14.16
4943,-25.71,-25.76
7206,45.44,37.23
4613,36.11,31.03
4912,5.7,6.5
3207,-19.3,-21.21
463,10.17,10.2
911,-4.98,-5.96
2110,20.26,19.97
4038,-14.26,-14.74
1478,-2.09,-2.39
7191,38.92,44.51
6074,44.05,44.3
5760,-22.11,-22.06
4184,22.86,22.79
3424,-12.68,-13.53
2455,-3.04,-3.57
910,4.53,3.84
4246,-35.5,-36.24
629,9.66,9.69
6146,-2.56,-2.67
3246,-26.48,-32.71
6991,-0.71,-1.19
3959,15.19,15.51
3847,6.74,6.15
3641,-13.43,-13.14
4654,-21.65,-21.62
1858,-28.56,-29.07
4718,3.6,2.97
2399,-27.85,-28.69
801,-14.2,-14.81
5374,-20.88,-20.56
1121,-21.56,-22.36
3043,0.62,1.57
2610,-5.21,-4.72
6181,-6.55,-6.79
5673,14.23,13.87
4637,-30.77,-31.83
2069,10.66,10.94
3116,-16.76,-7.1
4523,4.57,4.81
5758,1.06,0.87
3818,-18.37,-18.35
3597,-5.2,-5.21
422,-15.77,-15.82
2164,-5.97,-5.83
1739,0.41,-2.27
2482,39.76,40.27
1071,7.07,7.99
354,5.87,5.51
5582,-28.61,-28.12
1543,1.79,0.5
3503,1.95,2.07
5023,37.85,37.6
4886,-9.62,-10.57
5929,-14.05,-13.34
4823,10.13,8.96
4496,15.55,15.83
6957,44.34,46.86
877,-5.75,-5.5
3309,-6.46,-7.94
2775,5.9,5.96
2943,4.89,4.83
5601,5.05,6.18
5944,20.76,21.48
6692,-0.01,-0.85
351,5.65,5.68
1364,28.71,28.04
3156,1.45,0.48
3463,13.65,12.92
6766,4.37,4.29
285,21.04,21.05
330,6.02,9.02
1043,-30.95,-31.54
2093,26.92,26.7
4599,20.39,18.08
783,16.92,17.7
4803,3.21,2.23
6024,29.95,30.09
7040,34.82,36.12
5711,21.47,19.36
3454,2.62,3.7
6741,20.23,19.9
6848,35.83,35.53
2278,-2.44,-3.21
155,-9.78,-10.12
602,17.37,16.49
1937,-17.22,-18.05
5020,-38.89,-38.63
5306,2.87,3.93
2029,9.21,9.05
4409,-4.87,-4.8
5487,-17.35,-16.07
5628,-13.78,-16.65
3273,-13.17,-15.1
5369,-17.23,-12.04
4413,-8.98,-9.17
6102,7.03,8.38
6562,-2.62,-2.28
6251,-6.87,-6.71
5362,-27.16,-26.2
6529,-16.76,-15.94
5806,-4,-2.72
588,34.23,34.55
4681,-41.86,-42.08
1852,-21.01,-19
6226,13.33,13.02
3857,-4.97,-5.27
1954,-9.6,-9.78
4890,-20.58,-20.34
4449,10.46,11.17
221,-27.26,-26.49
4734,-23.95,-26.34
528,-5.67,-5.2
2487,6.33,6.1
5575,14.08,11.99
714,8.97,9.48
1345,7.72,8.15
2891,-19.05,-19.54
2654,7.47,7.34
425,4.83,5.59
5279,19.66,18.83
3726,-40,-40.21
1374,18.3,18.07
1380,19.36,19.91
4202,-12.55,-10.29
3168,-1.81,-2.35
964,7.53,7.77
6564,-18.64,-19.06
6425,-3.08,-6.27
4099,2.42,2.83
4932,39.16,39.31
5746,-5.88,-5.08
4678,-5.66,-11.41
962,16.28,15.61
4944,-32.93,-33.4
4558,17.31,18.66
2656,18.8,19.26
6624,-22.45,-23.07
6976,-2.37,-1.84
3828,-24.09,-24.31
2888,10.04,9.39
5130,30.86,29.45
2714,-6.36,-6.24
6037,24.36,23.78
5010,18.4,18.46
3690,4.26,4.21
168,25.05,25.14
6979,-9.43,-14.62
6653,3.05,3.19
6147,-10.33,-8.38
5008,-30.54,-30.28
977,-27.16,-26.58
1156,-29.58,-29.45
167,4.59,4.26
420,-12.36,-11.86
3166,3.16,3.51
5664,-13.4,-12.44
702,12.49,12.74
6739,-28.5,-25.7
5590,-12.68,-11.62
1041,-1.23,-1.14
6532,-46.43,-45.66
6994,-5.73,-6.19
5755,-13.98,-15.67
200,18.45,19.32
7123,-1.11,-5.55
6224,-23.42,-23.03
7085,-19.82,-17.28
479,20.9,20.67
2784,14.09,12.42
1996,18.85,17.39
2429,9.29,9.43
5383,-21.29,-21.22
3664,1.79,2.4
795,9.6,9.64
5803,-27.94,-27.45
461,-7.7,-6.5
1931,-17.07,-17.56
4045,-19.48,-19.6
4576,20.85,28.56
4931,17.61,17.92
6483,7.46,7.25
2971,49.87,49.39
7016,-15.76,-16.87
5409,-28.7,-27.77
6117,-20.43,-19.34
2502,-6.47,-6.19
1307,31.4,30.99
5536,19.28,20.36
3469,-4.15,-4.92
2173,-27.6,-27.36
6199,-17.75,-18.09
4774,-23.39,-24.18
5483,-18.31,-18.84
5924,-3.08,-2.99
4485,-2.51,-2.94
6661,8.64,9.68
2546,-19.84,-19.75
4421,-12.36,-12.21
2363,12.51,11.59
6861,36.34,35.55
4385,-3.82,-3.62
476,19.08,19.47
2641,-7.76,-7.89
2372,15.88,16.4
5017,-39.53,-38.38
4655,-11.02,-11.01
3650,-13.72,-13.62
1499,37.26,36.84
3676,-14.24,-13.72
3282,-14.28,-14.15
4830,-31.33,-34.14
6715,8.33,6.87
931,26.94,26.24
4224,-13.37,-13.49
2204,-16.41,-15.11
225,-22.33,-22.78
526,6.49,5.79
3855,2.49,2.64
747,-7.75,-7.83
3457,-21.44,-21.83
5821,20.55,18.78
5741,-17.45,-17.76
5365,-41.59,-40.29
4620,-0.09,0.71
3935,-18.04,-18.19
7173,-38.83,-39.37
5120,-14.17,-13.71
3142,-14.75,-15.11
2946,11.15,11.09
3717,-33.98,-33.5
1394,-4.27,-4.42
6598,-47.15,-54.1
839,-8.02,-7.9
4594,28.09,27.46
4602,29.4,28.44
5236,2.3,1.96
5852,25.19,26.01
5861,20.17,19.24
26,19.59,20.27
2430,4.97,5.28
2949,11.47,11.29
1691,-12.2,-12.19
6515,0.05,-0.62
1131,16.41,16.62
6103,-15.29,-23.62
6559,28.7,28.55
5773,22.96,21.97
1639,5.54,4.81
4953,21.02,22.04
1742,-3.8,-3.85
2388,-2.79,-2.47
2236,2.75,2.77
4666,-10.46,-10.84
5877,11.6,11.43
333,-14.75,-13.34
5676,21.39,21.15
6594,-18.51,-18.03
2903,-13.65,-13.8
2421,34.82,34.63
172,3.39,2.65
1152,-28.32,-30.51
5714,-24.96,-24.48
5305,-3.62,-2.65
2202,-6.81,-7.08
2406,14.29,10.85
2005,-6.27,-7.08
1386,41.31,40.32
2090,-21.93,-21.18
6208,-20.2,-21.23
686,5.59,5.47
6711,7.21,8.01
3101,16.92,17.11
6597,-39.6,-38.94
3083,7.95,15.09
3431,-12.07,-11.47
565,12.21,11.1
5350,-5.04,-6.05
5380,33.16,35.31
1045,-20.77,-20.99
3776,-3.98,-4.77
3012,-23.24,-21.38
1293,-19.44,-21.47
708,-2.07,-0.92
5179,-42.42,-42.59
1901,-45.38,-44.24
4590,24.18,27.46
6973,-27.37,-27.23
6904,16.11,11.31
4704,-15,-15.58
2269,-0.97,-0.1
7189,50.58,50.68
938,15.13,13.55
655,-6.53,-3.32
1174,11.66,11.81
5510,-7.5,-8.16
586,45.5,45.45
1392,-10.78,-10.26
1885,-6.51,-6.95
1133,10.42,7.58
4149,-1.8,-1.12
6294,12.31,12.72
2045,3.71,3.69
1839,-26.69,-26.68
5043,-20.89,-20.75
2108,-9.34,-9.3
6531,-31.36,-31.33
6149,-5.96,-5.14
5239,-21.78,-21.83
304,-2.51,-2.47
389,-1.22,-1.46
6488,-1.26,-2.36
4952,-0.44,-0.34
4286,19.3,18.12
116,4.55,4.39
2929,3.63,3.61
4143,21.97,22.3
4820,-9.94,-9.66
1228,-5.46,5.16
6751,21.42,21
3897,10.97,10.85
6150,-11.95,-12.44
3774,-10.82,-10.37
4593,40.96,42.6
6075,7.95,7.09
2442,-23.87,-23.35
6176,-10.07,-11.39
1666,-0.31,0.42
3415,-11.79,-10.75
4733,-25.71,-25.91
1359,20.41,19.87
2052,1.35,1.12
5715,24.98,24.99
2814,4.46,4.54
5188,-8.92,-8.02
347,8.68,10.07
1775,-33.71,-33.23
632,23.46,23.22
506,6.9,6.42
327,6.14,6.73
4679,9.21,7.61
6950,-47.19,-42.98
2577,7.52,10.05
5342,-22.58,-22.88
2827,21.83,21.59
6076,-3.25,-2.64
2229,-15.16,-14.18
2485,14,14.32
959,-4.48,-5.29
5280,-41.76,-42.95
4951,-7.25,-6.25
7078,62.62,64
671,3.64,3.3
2124,1.49,1.83
3334,-19.57,-19.61
7129,1.16,1.46
5143,-29.67,-28.02
2799,40.55,40.8
2764,11.31,8.79
3816,-32.06,-32
5689,-5.21,-5.38
1608,-2.01,-1.62
3738,21.51,21.27
779,-34,-33.81
5237,-18.54,-17.83
1522,23.63,23.67
5262,11.7,10.74
3581,32.39,31.57
904,-16.55,-16.9
4437,0.3,-0.44
4059,-13.88,-13.41
4000,-10.27,-11.2
1634,0.13,-0.21
31,4.18,3.82
3982,-30.31,-29.74
2042,14.43,14.8
575,24.27,24.31
6889,45.96,44.68
6699,41.19,42.12
443,17.66,18.24
3937,-36.55,-37.18
1487,4.6,4.73
1670,-1.7,1.26
2043,6.14,5.77
6590,5.12,5.04
2932,-43.47,-45.88
4708,-20.85,-23.08
5750,10.33,10.62
1513,-12.32,-12.42
5232,-16.08,-16.45
6395,-1.01,-1.03
4083,-0.63,0.37
5572,18.17,17.44
1571,-7.35,-6.01
6835,14.7,15.19
3704,4.32,4.48
2632,5.07,5.6
4518,17.44,18.1
5318,-24.23,-23.16
6171,-14.3,-13.1
2100,-7.5,-6.58
5808,-4.05,-4.63
2038,-0.26,-0.04
687,-12.69,-12.05
6745,12.66,13.23
1932,6.58,7.18
3396,-2.87,-3.78
3215,-20.67,-19.2
7181,-36.43,-37.93
4634,-14.79,-14.94
6654,4.04,6.42
1620,-3.8,-3.76
462,15.82,15.7
5930,-2.18,-2.93
6969,-17.79,-18
7046,71.46,59.43
5534,-7.87,-6.83
3609,-16.75,-16.42
5448,19.12,19.11
82,22.08,22.31
6733,1.18,3.77
2927,-10.57,-11.25
2921,-46.18,-45.09
7108,88.74,86.36
1877,-2.09,-1.7
1335,0.86,0.67
3565,4.1,4.59
1020,-22.16,-21.29
5580,-4.41,-4.4
4963,12.76,12.44
2553,-2.04,-2.12
5031,15.93,15.85
6423,-30.95,-31.76
3114,27.1,26.9
1624,-3.41,-0.34
2157,37.05,37.64
3701,-28.51,-28.64
4354,-26.57,-27.14
6530,-27.53,-26.94
3986,-0.1,-0.28
947,-11.33,-11.09
276,18.03,17.9
2569,1.66,1.65
6876,40.84,42.07
6753,29.49,29.9
5159,28.24,28.75
7015,15.51,15.41
4430,-3.31,-2.77
2274,23.77,23.26
3450,7.54,7.19
1521,10.74,11.3
2872,-7.57,-7.46
4350,-2.17,-2.4
271,23.64,23.23
1756,-27.56,-26.84
2051,29.21,28.83
3255,27.61,27.6
5388,21.32,20.71
1466,-9.95,-9.97
1900,-13.63,-14.33
4311,-8.6,-7.35
2853,-8.67,-8.57
7134,-21.18,-21.99
4128,1.58,4.21
1545,-24.67,-24.82
991,10.17,10.79
4251,10.68,10.16
5941,16.65,17.06
4296,-23.57,-22.7
4096,4.82,4.37
5186,-1.76,-0.56
5688,-1.14,-0.94
2733,8.88,8.61
1141,13.82,14.33
4278,0.55,3.71
4801,24.54,24.47
1110,27.93,27.29
6033,27.69,27.71
6870,13.22,14.26
1787,-19.48,-19.92
693,-3.4,-4.84
6329,13.47,12.92
190,-0.85,-0.62
4499,-2.16,-1.41
2306,-38.41,-37.54
7170,-24.26,-24.81
2337,13.41,13.15
3354,-17.6,-15.44
5289,17.99,17.47
4465,5.52,5.33
6953,-31.17,-32.7
4877,13.68,11.94
5585,10.88,10.68
6836,12.97,13.63
930,6.07,6.01
3683,-29.16,-29.94
6370,-25.02,-24.5
2545,-19.5,-18.38
5748,2.53,1.64
3430,-10.38,-10.86
1706,-2.68,-2.73
3934,-26.96,-26.58
2028,9.67,10.17
4617,30.97,32.92
2,5.43,4.93
3379,4.36,4.06
2831,-5.96,-5.1
792,18.69,17.97
5828,18.07,17.91
6115,-30.68,-31.29
5517,27.68,32.62
1621,7.98,9.48
2832,9.62,8.69
6342,-23.16,-21.94
7127,-22.85,-17.56
1619,8.78,10.5
994,20.54,20.8
6927,-46.07,-44.36
3666,-7.45,-7.41
7143,-21.02,-19.75
6479,8.71,9.95
1501,-13.8,-14.14
3723,-14.93,-15.31
3181,-0.42,-0.49
3138,8.1,9.02
4359,-10.74,-10.71
1630,3.06,3.5
4020,20.95,21.59
1022,-25.45,-26.1
194,7.92,7.98
5185,-1.88,0.0700000000000001
638,-0.89,-1.97
3851,-0.34,-0.55
7148,-41.98,-40.97
4229,15.53,16.31
7102,-15.15,-14.72
6212,-23.06,-23.64
2477,20.05,20.76
6077,3.79,4.4
791,-1.18,-1.48
1211,-8.13,-8.42
1710,-7.49,-7.48
5641,12.34,13.67
1530,12.25,7.89
4254,-1.24,-2.81
3999,37.63,38.22
6433,7.85,8.6
6832,14.33,16.05
3049,61.48,60.58
5948,17.12,16.61
2066,58.23,58.73
7083,-19.89,-20.73
6130,16.98,16.65
4841,-19.82,-19.9
1365,51.6,51.68
5993,32.3,32.69
6513,-9.46,-8.38
5687,-15.39,-15.85
311,14.03,13.87
4477,26.59,26.03
1812,9.54,9.8
5636,9.12,9.9
955,-7.19,-6.3
1258,17.62,18.11
5694,-16.96,-17.02
6987,-27.3,-28.94
3544,9.27,8.87
4730,-48.68,-48.42
6922,-27.08,-26.65
3877,-12.4,-12.48
5541,16.51,15.82
5295,-8.12,-8.78
4201,-0.61,-0.88
228,-0.88,-0.76
2854,-45.14,-34.58
626,-24.69,-24.81
6472,2.32,3.3
7059,58.03,57.66
3637,-6.51,-6.39
6874,39.22,36.17
3266,-24.25,-30.65
5964,25.64,25.29
2566,14.33,14.78
6732,6.09,6.89
3147,-1.33,-0.89
112,25.48,25.65
4506,-8.4,-8.11
5615,-16.5,-15.76
7184,-27.49,-25.75
2117,1.31,0.85
4901,0.79,1.07
1720,-1.12,-1.76
5645,-10.56,-11.82
1537,-3,-3.25
2622,14.69,15.33
2475,21.66,21.23
2877,35.42,34.24
1542,-22.24,-19.21
749,-14.27,-14.49
1747,-17.73,-17.63
1244,-0.14,-0.71
1053,4.76,7.89
4460,12.5,13.01
3508,-4.06,-3.55
7168,-2.59,-6.73
4322,-19.15,-19.66
5521,2.34,2.17
2549,-1.99,-3.22
5609,-16.63,-14.07
3385,-2.97,-2.61
2085,13.69,13.86
4057,-10.57,-10.81
869,4.07,4.65
2181,13.51,13.38
6317,-21.4,-22.09
5014,13.8,13.39
6506,14.26,13.07
1935,1.07,0.92
5863,55.73,52.8
440,-26.95,-26.7
3169,9.08,10.76
2729,31.51,30.73
2067,10.99,11.06
1310,22.26,21.67
5112,20.41,19.85
3671,-7.27,-8.18
3223,-20.1,-19.32
1648,19.04,18.78
4488,-19.6,-19.29
966,23.38,19.9
1500,-12.21,-12.42
7155,-28.66,-25.69
5089,-26.63,-27.62
3301,-14.14,-12.39
6015,35.2,34.91
7151,-20.98,-19.88
1826,-9.46,-9.21
1255,0,-0.58
1890,-11.21,-11.01
6061,19.12,21.68
1540,25.65,25.5
3555,11.89,12.24
4983,-10.88,-13.16
3245,-23.65,-23.49
3087,2.91,2.07
1947,7.48,7.81
3739,-15.51,-15.8
6736,-32.12,-32.41
695,5.35,4.59
3148,-6.41,-4.88
1090,5.93,5.87
5976,3.34,3.37
3078,17.58,16.87
1746,-4.54,-3.64
858,32.78,33.83
3186,-13.05,-12.78
3058,18.41,20.77
3237,-33.52,-33.12
4639,-46.58,-47.13
6327,3.98,4.09
6644,-21.5,-20.86
2310,-7.35,-8.42
673,-13.21,-13.19
2058,5.16,5.15
2329,39.44,38.87
2571,-0.56,-1.32
1940,-1.73,-1.67
2192,-3.83,-4.16
1796,15.82,15.61
65,-9.19,-9.06
1791,-1.62,-1.98
6308,-3.42,-3.2
3098,-12.71,-13.8
6148,-8.45,-7.6
2224,31.66,31.87
5780,-5.91,-5.88
3034,9.74,8.73
5735,-18.19,-19.17
4209,-5.11,-5.4
3119,6.74,2.89
6967,-1.26,-1.54
3642,-19.66,-19.83
4770,-37.9,-37.73
3225,-17.24,-16.45
6727,6.86,7.09
6175,-33.55,-34.48
6380,60.77,62.54
6688,7.81,6.23
3817,-24.6,-24.96
5169,-47.86,-48.2
277,-5.05,-4.83
6783,-42.56,-39.37
3214,-12.63,-12.07
4250,-2.42,-2.45
6553,-1.27,-2.86
1920,-6.41,-6.13
1336,17.94,17.86
3695,-13.17,-13.3
1173,-24.49,-12.71
1139,-9.12,-8.55
5416,24.77,24.51
5864,34.98,36.83
2651,14.31,12.96
2463,7.39,6.74
5117,22.35,21.87
3057,35.47,35.51
3517,5.58,6.14
2820,6.79,8.32
2496,-1.89,-2.28
2423,6.27,5.12
4547,30.78,24.6
2335,7.03,5.83
6042,36.05,37.37
38,13.92,13.18
4874,-2.79,-2.72
775,-27.16,-27.15
804,-18.2,-18.13
2852,-14.78,-14.76
2327,11.55,11.23
6372,-3.49,-3.23
71,34.55,33.97
3030,16.12,15.39
1290,-22.12,-21.31
5844,-2.94,-3.57
3699,5.54,4.66
371,34.26,35.18
6259,-2.92,-3.05
7011,-29.55,-29.05
1709,1.35,1.2
4462,38.65,37.81
1633,-1.96,-2.06
2160,-5.09,-4.73
2812,9.12,9.28
5793,-13.28,-12.46
1782,-5.79,-5.67
4472,3.96,4.55
4685,10.14,10.06
273,64.43,65.05
2375,-6.55,-7.31
2885,-22.86,-22.29
3344,-29.78,-28.64
2945,-8.51,-8.65
1069,13.06,13.44
3345,-7.92,-6.62
5238,-25.42,-24.36
3380,8.5,8.93
3042,3.35,1.51
6944,-35.67,-36.7
537,-6.98,-6.66
257,25.47,24.99
458,14.04,14.8
6704,-25.59,-25.71
1800,-1.12,-1.2
669,-5.7,-5.43
5026,-12.77,-13.11
4938,-27.26,-27.42
4996,27.46,27.5
3938,-6.4,-5.94
6122,-39.87,-38.23
5545,-9.78,-10.4
5288,-29.63,-28.79
6108,-37.79,-38.07
6805,30.25,29.87
649,5.42,5.62
5395,-30.66,-30.37
849,9.97,9.39
4221,33.04,33.35
2397,3.6,3.51
2219,-21.47,-21.77
233,-14.08,-13.96
5489,21,20.71
3955,5.27,5.47
2199,-8.93,-8.47
4971,6.13,5.69
822,11.22,12.09
6866,32.82,31.24
3481,17.86,18.31
484,-21.7,-23.44
4031,-25.74,-23.37
5654,-19.53,-19.41
258,9.92,9.78
1715,-13.18,-14.12
3133,7.32,8.04
5898,-20.65,-20.72
2432,37.09,36.99
3170,19.46,23.74
935,21.96,22.2
6335,16.53,16.47
6066,32.06,32.89
4528,-2.33,-2.48
468,11.42,11.44
501,-7.47,-8.24
2280,-3.51,-3.31
1774,-25.68,-25.05
4370,-1.31,-0.94
5777,36.81,36.13
1741,19.57,19.58
5024,33.48,33.06
209,7.17,10.3
4253,9.08,9.2
4550,56.98,51.79
3351,-10.84,-12.04
5375,26.49,24.76
3264,-6.24,-4.13
2258,23.69,23.79
2606,-7.39,-7.49
6012,21.84,8.81
658,2.6,2.14
823,36.04,36.44
2846,-0.93,-3.92
3213,-12.12,-9.3
1673,0.91,-0.13
6387,-13.17,-13.36
123,18.54,18.67
735,18.18,17.89
836,-19.81,-19.59
1216,-4.9,-4.67
5553,-17.42,-16.96
1971,27.25,26.62
2645,-19.75,-19.29
3338,-1.38,-0.51
5447,-5.44,-4.57
4808,-23.71,-24.53
1533,20.67,20.19
5886,-7.47,-7.57
2564,9.35,9.33
6379,-0.8,1.21
2514,-7.55,-9.53
1492,-11.63,-11.33
1089,12.64,12.87
3964,-0.13,-0.08
5813,-42.32,-43.3
3233,-14.15,-14.13
1795,25.37,25.03
4790,24.88,31.03
6200,-22.9,-23.13
1064,1.72,1.43
806,-10.27,-10.33
3321,6.31,7.11
4042,-15.77,-14.21
2582,17.14,17.2
6182,-1.37,-1.56
853,25.57,26.52
731,35.6,36.07
6312,-23.41,-24.3
5432,-9.38,-10.33
6461,7.96,6.05
1692,-6.64,-6.87
5893,-7.04,-10.22
4604,27.16,22.68
3906,-1.99,-2.5
326,7.01,7.36
5724,5.67,4.89
5252,6.02,6.22
7124,-19.12,-16.88
1011,-26.72,-26.52
4039,-1.97,-1.76
6123,16.13,16.02
248,-8.9,-8.11
3766,32.18,30.72
4560,35.45,37.91
1075,24.6,24.78
1879,30.28,29.97
3646,-17.44,-17.53
5811,-25.99,-24.17
2952,13.51,13.42
5224,-3.1,-3.88
2619,-1.14,-1.06
945,30.28,30.37
1410,36.29,36.56
1846,-11.33,-10.03
5819,-0.15,0.18
5794,0.37,-0.15
6364,-6.47,-6.91
5246,-15.5,-16.37
245,27.37,26.86
6359,10.11,10.52
6818,1.13,-0.45
2480,15.95,14.13
1504,-12.43,-12.48
6883,33.98,35.23
3015,38.16,37.01
2425,14.67,13.15
3311,29.88,29.44
7112,46.73,46.32
2818,-6.61,-6.06
2272,22.01,21.61
2972,25.77,25.14
1413,16,15.38
5368,-22.23,-20.85
6726,16.81,17.1
4185,31.57,31.64
3944,-27.93,-27.67
3760,-4.07,-4.49
217,-22.07,-22.28
5804,-34.38,-34.94
4053,-11.51,-10.64
1481,-8.73,-8.78
4159,26.71,25.81
5217,0.02,-0.27
2068,10.46,10.34
3669,-23.29,-23.39
531,12.12,12.34
5195,-2.26,-2.24
1760,-18.02,-18.29
6747,-18.43,-20.19
5182,-5.03,-4.05
2597,-4.91,-5.2
5959,25.41,25.81
1292,-22.18,-22.06
3918,-4.92,-5.67
6685,-1.16,-2.04
4480,21.26,21.09
6040,22.25,25.06
3981,6.93,8.39
3382,5.88,6.31
1004,17.53,17.51
4473,24.01,24.22
5449,2.37,0.74
987,11.13,11.57
1651,0.12,-0.72
6113,-10.58,-8.49
2618,-19.35,-19.32
4862,-6.95,-20.91
2969,5.76,4.74
6289,-1.61,-1.39
5693,-5.57,-5.81
1830,-8.07,-9.29
4021,1.41,1.11
2806,0.33,-3.14
2384,23.78,22.9
924,11.3,11.56
2518,-2.73,-2.82
4956,41.14,50.59
2079,31.36,31.45
2053,8.16,7.25
606,-1.2,-1.31
4640,-25.3,-24.52
7029,-20.73,-19.27
3075,-0.12,-0.1
6393,-4.19,-3.45
6424,-8.64,-8.98
7200,47.22,52.5
1507,-13.54,-13.22
5477,-5.97,-7.01
2693,29.11,28.12
1480,-13.51,-14.08
5950,-8.53,-8.89
2644,-13.67,-14.79
1557,7.78,7.89
133,27.55,27.66
2533,3.35,3.05
1433,13.53,13.16
5747,17.28,16.84
2203,7.03,7.55
2990,2.81,2.67
6100,-6.92,-7.58
1446,5.87,6.24
2137,-25.22,-25.68
3158,18.2,18.64
5846,13.51,13.92
5314,-1.25,-1.22
2712,24.06,22.44
6272,-24.19,-23.87
2920,-27.45,-26.69
4023,-3.94,-3.36
4377,3.17,2.65
5131,7.69,7.87
3056,15.54,15.31
1070,-19.8,-19.12
1573,26.38,21.96
3711,24.24,24.42
3202,-18.8,-19.01
603,5.4,4.63
1860,14.34,15.6
899,-16.48,-16.26
1095,10.04,10.04
6209,-2.87,-3.42
4220,-8.33,-8.51
4302,1.94,0.92
52,26.48,25.9
4358,-27.45,-27.04
4757,23.51,23.48
3513,63.55,63.93
732,-7.06,-7.03
3006,-1.13,-1.49
3219,-14.53,-13.68
6392,-27.04,-26.52
6903,9.28,1.88
4183,3.6,2.75
4331,-40,-39.14
3905,26.04,26.21
867,9.35,8.99
1300,-19.18,-19.39
3095,-7.09,-5.08
6306,-27.61,-26.42
734,-3.83,-2.77
2807,12.19,14.02
6282,-23.56,-23.21
717,14.65,13.83
3053,39.4,39.93
2650,14.8,15.28
1051,10.45,11.89
370,14.17,13.65
2860,-14.96,-14.36
7076,-17.1,-17.84
1960,-31.2,-30.7
6798,-32.19,-31.23
252,-15.34,-15.91
1734,8.52,9.62
6937,-23.99,-23.34
6434,5.96,6.72
1068,-3.45,-3.42
718,37.95,37.88
70,15.08,14.65
1452,13.7,13.71
244,8.05,7.69
1759,-15.52,-14.32
555,6.2,6.38
4219,-7.28,-7.43
1256,19.02,17.75
4586,27.62,27.43
1813,5.77,5.43
3685,-12.62,-12.62
6127,-37.4,-37.41
4888,-2.28,-2.46
2097,-3.81,-3.76
2703,18.7,18.74
4632,4.09,3.86
3444,-9.51,-10.69
939,-18.75,-19.47
2445,-32.16,-31.59
7211,-33.9,-31.35
3556,10.24,9.46
3500,-0.94,-1.16
1055,19.04,19.87
1922,-7.72,-6.51
1490,40.35,40.3
6754,-18.47,-18.21
7106,54.69,55.99
612,18.4,18.03
2725,-10.04,-9.5
291,-8.08,-8.95
4621,21.73,22.86
3405,-14.36,-13.6
3357,-17.52,-17.39
4855,-33.5,-32.8
6988,-5.53,-7.71
7158,-14.58,-13
2292,-7.63,-8.24
4494,-7.25,-5.87
5210,4.85,8.1
4984,16.22,12.03
7098,-15.34,-15.12
5973,-7.96,-7.9
900,-37.33,-38.35
620,28.85,27.98
4113,3.86,3.5
72,8.76,8.73
4156,2.36,3.18
4173,1.7,1.05
5067,23.1,20.67
3863,57.46,57.81
6373,-22.33,-20.7
5613,-16.44,-14.06
4966,5.52,9.21
1594,2.46,-24.86
592,-8.61,-9.2
4342,-31.92,-33.13
3579,8.59,8.15
2405,-3.9,-3.74
4571,32.49,32.59
3602,-16.22,-16.29
1265,-17.5,-15.76
1607,0.33,-0.1
4612,36.31,34.61
2495,-9.13,-9.33
1677,0.45,0.4
3238,-21.08,-21.77
6602,-36.97,-33.61
1906,-11.41,-12.12
4420,-20.76,-20.64
4401,-14.71,-14.44
5604,-10.99,-9.53
2530,17.78,18.72
243,-20,-19.65
5573,25.5,24.88
6396,-1.96,-1.88
6512,-26.52,-25.62
3563,-3.53,-3.05
4484,38.99,39.42
149,-2.42,-3.03
6986,-25.01,-24.43
5373,-26.58,-24.95
3528,-10.87,-11.21
4719,3.4,-0.67
2562,19.44,19.03
7139,-20.86,-17.83
1372,41.91,41.55
6820,20.41,20.4
5494,-16.68,-16.34
6071,21.61,22.44
2665,21.37,21.36
2254,2.87,3.23
4232,22.97,21.83
7120,52.53,52.84
1700,-11.36,-11.44
1470,-9.23,-8.51
4924,-2.97,-4.25
3442,-11.98,-9.71
4080,19.16,18.88
5428,-1.95,-2.89
1767,-19.02,-18.26
689,-26.63,-26
5100,6.36,5.68
2899,-13.55,-14.04
417,-5.57,-5.59
6627,2.31,3.75
1312,-18.58,-18.66
3468,-15.8,-15.8
5052,-13.45,-13.56
3518,9.34,7.93
5872,17.53,17.22
51,18.3,18.38
4648,-42.79,-43.18
6211,-3.58,-3.08
5649,9.16,9.47
6995,-33.3,-33.45
1730,-28.11,-27.08
4989,36.64,36.63
6919,-28.88,-31.36
5300,9.79,10.22
249,-12.77,-13.28
1318,1.43,0.42
5316,3.35,4.7
1107,6.33,6.06
6573,-14.95,-13.85
4482,21.67,21.6
2197,0.33,0.11
4298,-4.68,-3.97
761,-1.26,-1.8
1400,-6.74,-6.54
3456,-27.51,-26.72
5789,4.42,6.05
6989,-33.47,-35.37
5152,-12.17,-11.75
2412,-30.14,-29.66
438,-28.15,-27.79
3388,6.33,7.25
1187,10.03,8.9
1445,38.1,38.29
995,-27.07,-26.82
161,-12.43,-12.12
3911,-2.28,-1.73
1652,-16.32,-16.6
1473,9.25,9.53
282,22.1,21.84
5053,-11.17,-11.08
2596,-4.07,-5.53
4343,-36.73,-33.68
3611,9.89,9.1
2979,39.96,40.25
3284,-38.14,-38.55
4308,-9.3,-8.39
3069,16.12,21.79
2603,-14.47,-14.55
1063,-6.32,-6.14
196,-20.06,-19.48
7133,-25.83,-27.92
59,11.34,10.94
6621,-15.09,-15.41
7121,-1.78,-1.17
3198,-25.04,-22.17
6136,12.2,12.1
3977,26.75,26.65
1136,-27.72,-27.62
5671,16.93,16.5
4129,9.75,9.6
3307,15.52,14.54
7156,-12.41,-10.1
5005,-33.19,-32.82
1817,1.18,1.86
505,11.78,11.87
3648,-23.17,-22.65
3369,-24.11,-23.77
1166,-20.25,-20.55
2967,4.03,4.23
5268,12.96,12.92
6609,17.7,19.79
445,1.23,1.15
577,2.2,2.1
7084,-21.6,-22.81
3960,23,23.31
4793,9.39,9.66
6638,-6.77,-5.38
6168,32.83,37.51
4798,13.54,16.18
6189,-25.39,-27.8
3620,-12.34,-12.19
2440,-5.06,-5.61
1044,-7.01,-7.22
5078,-23.95,-24.42
1085,-9.58,-9.99
5469,4.32,4.94
845,6.57,4.23
3516,30.71,30.49
4225,-8.58,-8.52
4478,48.6,48.59
2373,-5.68,-5.78
3866,4.57,5.85
1453,35.81,35.84
2011,22.28,21.58
6886,28.05,28.88
6516,-67.25,-66.58
7022,-35.33,-33.78
1640,0.3,0.82
286,3.01,2.58
7013,-36.15,-35.64
7154,-40.03,-41.76
2869,6.44,6.82
6345,-8.71,-9.02
6552,-11.82,-10.69
6000,54.61,51.63
357,2.88,2.96
5685,5.63,5.33
1286,-23.15,-22.95
6540,16.65,16.38
2476,0.26,0.77
4217,-3.36,-2.61
3149,-1.37,1.25
2105,-1.04,-0.54
1006,-14.96,-14.29
5066,21.9,18.77
2451,-0.18,-0.61
6,0.61,0.32
793,-24.34,-24.43
6194,-12.79,-14.77
6027,24.05,24
33,18.12,19.24
4353,-16.27,-16.24
6367,-17.83,-17.12
6854,23.93,23.22
2748,12.71,11.52
3629,-9.18,-9.26
5327,4.94,5.13
5988,3.29,4.88
4537,-0.71,-0.84
6321,-6.04,-6.33
3327,0.64,-0.34
5128,5.86,6.34
2012,-3.74,-3.91
3297,-7,-6.52
3061,-11.07,8.93
7162,48.87,47.75
137,-4.07,-4.72
1153,-24.55,-24.1
3187,-11.15,-11.52
6322,54.37,53.95
433,-16.01,-15.43
6187,-35.3,-35.25
312,10.37,10.27
5220,-5.26,-4.31
6717,-17.21,-17.14
5899,-19.12,-30.61
5504,7.46,7.65
2114,-4.42,-4.78
4699,8.33,8.42
2659,13.23,11.58
3909,2.27,2.52
6173,2.27,1.95
4340,-40.55,-33.93
753,-22.66,-22.88
4521,-3.99,-3.82
5264,28.02,27.61
6867,54.3,48.39
1162,8.06,7.62
3021,-1.78,-2.18
5047,-22.39,-21.5
1428,38.53,38.72
2589,6.4,8.11
2193,-14.01,-13.75
2599,-22.97,-22.38
4137,12.46,12.6
3154,-3.74,-1.59
907,-0.57,-1.2
5263,-17.72,-19.65
315,-7.42,-7.38
4846,-39.37,-38.68
2311,-23.83,-23.04
1338,20.41,20.07
2336,-14.85,-14.41
1849,-21.7,-21.9
2691,28.41,28.23
3347,-7.07,-8.07
1212,-9.96,-10.09
4458,42.25,42.31
772,4.6,4.96
2947,10.17,9.5
1411,-7.94,-7.87
2131,-23.95,-24.61
4737,-48.68,-48.42
6542,-0.68,-4.5
1981,-20.26,-19.58
141,9.08,8.76
3027,-9.2,-10.17
6975,-32.51,-32.42
6476,19.37,18.87
5421,-16.24,-15.4
6824,0.25,1.7
1015,25.77,25.78
1653,18.54,18.6
7074,-29.89,-25.59
2690,6.29,6.56
197,3.51,3.7
6596,-40.26,-42.82
3767,21.22,20.7
2410,17.02,13.7
5829,35.15,35.71
6440,16.54,17.43
5706,-14.7,-14.68
6554,8.32,9.57
4046,21.58,21.76
6938,-0.25,0.21
5991,-15.63,-17.84
7197,36.36,37.98
1899,-13.47,-13.59
6855,46.83,46.9
4361,26.61,28.67
1238,-12.23,-10.46
1276,-20.63,-20.78
4100,7.29,7.2
2541,-7.81,-8.53
855,8.97,8.75
4434,7.29,8.29
6269,-24.34,-24.97
4196,-10.01,-9.5
412,38.52,39.26
4595,4.98,8.32
728,15.08,14.94
1789,-6.12,-5.58
1415,38.62,38.41
5104,-25.37,-25.32
6772,25.96,25.22
593,-8.2,-8.31
6298,10.93,11.24
115,-20.29,-20
1135,7.04,5.27
4191,5.31,4.69
489,-5.28,-5.37
6580,21.98,22.95
353,0.85,1.44
3630,-7.1,-7.99
3742,22.36,22.43
3678,-5.79,-5.81
5812,-30.43,-28.92
6085,-12.68,-14.43
1241,-10.15,-9.96
2076,11.28,11.35
3802,-18.05,-18.16
3892,-9.79,-9.94
5111,14.72,15.63
1731,-28.85,-27.15
2420,5.27,4.89
967,-5.42,-5.45
1278,-15.99,-17.06
1247,-4.42,-2.84
4368,5.12,6.53
4235,4,4.66
4241,29.27,28.18
3692,-17.99,-17.76
6109,-23.61,-23.66
3370,-12.85,-12.95
6246,-9.91,-9.88
5212,1,2.83
2240,18.92,18.83
6790,-6.55,-6.23
5016,9.26,8.3
61,4.28,4.17
3432,-10.96,-12.06
97,11.41,11.13
4457,19.32,18.88
7018,-4.77,-7.14
756,15.17,15.37
6769,-6.21,-6.99
5853,31.18,30.06
4451,29.09,29.37
4490,-24.2,-24.53
1274,-49.1,-36.29
794,-15.55,-14.72
3898,-1.56,-2.27
7180,-20.45,-19.42
2360,32.95,32
1012,-1.11,-0.56
5549,22.99,22.97
1424,-3.26,-3.84
5512,4.48,4.39
3694,-19.24,-18.73
6399,-8.78,-8.38
5716,-27.16,-26.8
2917,-11.87,-10.3
4939,2.46,1.59
5422,8.49,9.04
6191,0.66,0.98
1207,-6.33,-6.62
7169,-38.97,-37.51
4435,-2.22,-2.38
3384,-9.13,-8.92
1358,2.51,2.41
2797,35.38,35.94
6252,0.23,-0.87
1354,0.25,-0.7
1992,-18.41,-17.63
1269,-15.39,-14.4
4272,7.58,7.56
6881,32.13,31.73
5692,-12.54,-12.36
6917,-30.18,-36.91
611,-9.4,-9.24
2095,29.78,30.29
5148,-10.16,-10.19
4256,12.09,9.89
4672,-26.72,-25.61
88,19.34,19.24
4181,1.75,1.99
6293,9.39,9.48
2107,-5.68,-5.34
6166,-44.09,-42.08
4508,14.22,15.61
3919,-16.12,-16.21
1305,-25.86,-25.19
2304,-6.4,-5.96
5442,27.01,26.65
4324,-36.59,-38.37
3115,-9.28,-1.54
548,23.22,22.39
1546,-5.35,-6.53
4967,24.6,35.66
1287,-21.79,-22.54
477,3.27,3.5
841,-18.38,-17.18
2394,-18.15,-19.17
3289,-14.17,-13.83
4140,15.96,17.07
1297,-20.03,-19.3
5499,-3.1,-3.34
3868,30.11,30.47
5564,13.21,14.01
4019,-0.36,-0.59
4572,34.11,34
5496,-10.66,-10.14
366,3.19,3.12
3833,-27.47,-27.94
1200,-6.12,-5.93
6555,-1.13,-1.45
1496,9.66,9.05
5904,16.88,16.59
3958,0.93,1.12
5570,-54.89,-51.42
1574,-12.79,-13.23
2248,36.6,37.47
5931,-17.49,-18
739,-16.36,-15.35
5807,-23.42,-24.47
4237,29.28,28.49
4007,0.99,0.71
2281,15.96,16.66
657,0.52,1.36
4713,-24.55,-24.04
3638,-19.31,-18.96
3914,-5.75,-4.86
2023,23.2,21.78
7043,43.98,36.64
3796,-15.08,-14.19
1638,4.44,2.99
786,7.4,7.63
1637,-0.57,-0.0399999999999999
3548,-1.76,-1.64
191,-19.21,-19.06
3950,1.98,1.47
390,13.27,13.64
6459,19.31,23.47
4557,8.53,8.04
2226,9.26,9.96
2414,12.49,13.2
154,-4.3,-4.42
4829,-33.99,-35.18
6417,-19.31,-20.29
6797,-40.74,-39.97
1980,7.34,6.33
1632,-6.56,-7.01
4999,4.91,4.14
1429,-15.14,-15.18
5602,11.7,11.95
3656,6.09,7.13
5119,-7.2,-7.15
3205,-35.24,-35.46
5990,38.84,38.4
5957,-22.38,-20.19
6872,9.32,9
4265,5.52,5.95
5782,-18.06,-16.78
6996,-23.59,-24.28
3526,0.8,0.92
6388,-13.72,-15.69
6474,30.01,30.98
2670,7,7.11
887,34.44,34.66
676,-9.59,-9.72
6271,24.32,24.76
2686,1.97,1.55
1587,-18.17,-13.88
6133,32.27,30.95
4844,-23.14,-22.92
700,12.21,12.43
6249,6.72,6.98
6716,10.09,10.02
1893,3.7,4.42
1078,12.66,12.69
495,17.75,17.86
4285,25.69,26.17
5209,-3.68,-1.33
7118,61.68,76.69
4920,4.46,4.24
2555,32.78,31.71
3700,-16.38,-16.5
2925,16.23,15.93
2613,-10.91,-8.89
6773,-10.95,-11.78
5901,5.35,4.1
2800,-0.89,-0.64
1146,-7.74,-7.97
3532,-0.96,-0.36
587,15.01,15.53
2260,22.18,21.94
706,8.73,9.65
3952,-17.16,-17.48
4677,-26.15,-26.16
6825,10.43,10.59
7004,-14.68,-14.27
3590,-8.47,-8.05
2766,43.86,41.53
4712,0.33,0.69
766,21.53,21.35
946,22.67,21.42
6258,41.44,41.35
5939,-16.18,-16.68
2708,6.41,6.08
3496,13.19,12.15
3060,6.91,8.98
1792,-4.39,-4.3
2497,18.98,18.56
7072,4.46,4.69
5940,34.58,34.61
563,8.25,7.92
3710,-6.89,-7.36
3795,-2.23,-2.06
3996,-8.68,-8.02
6702,42.71,42.51
4069,-26.69,-26.59
6502,-46.24,-39.55
5049,-23.47,-23.49
5301,-27.87,-24.55
4724,-35.56,-36.92
979,19.49,19.07
6750,3.04,3.97
4428,-10.99,-11.26
1556,0.59,6.31
3865,-4.76,-5.5
5174,14.31,16.47
1114,-16.67,-16.98
2194,-30.1,-30.67
4346,-42.35,-42.87
1908,-1.65,-1.16
5630,17.44,16.99
5118,-7.81,-7.95
746,-9.21,-9.12
843,-31.66,-31.83
4777,-16.99,-14.49
1865,-5.25,-4.6
1702,-19.75,-19.8
642,0.87,0.88
2661,15.31,15.28
3821,14.37,13.6
255,-16.26,-16.48
2882,-5.24,-4.79
2574,23.99,19.81
4705,-3.16,-6.05
1154,-28.34,-28.59
1757,-19.8,-19.03
6401,-37.93,-37.53
5254,8.9,7.83
1750,-24.76,-23.71
2648,10.6,10.56
3113,-0.77,-0.31
2512,-8.52,-11.5
3643,-22.71,-22.11
7201,48.06,58.06
4306,2.73,2.39
7202,46.96,44.2
6592,-29.98,-30.04
1002,-4.95,-4.48
5429,15.32,15.72
2611,-0.76,-0.83
4768,0.3,-0.32
1930,0.48,0.85
5472,-1.02,0.87
1688,-0.73,2.29
376,-10.6,-10.61
208,21.35,21.91
7049,-19.87,-16.04
1261,-10.76,-10.53
2190,-31.46,-31.44
833,30.79,31.59
4424,-4.52,-3.62
704,10.58,11.77
4686,-16.33,-23.45
591,-0.95,-2.31
4051,-4.51,-3.42
1957,-2.03,-2.2
3200,-8.89,-8.5
5060,-16.99,-16.23
5418,8.06,7.23
5740,34.92,35.1
3033,-10.14,-11.41
6278,20.65,20.98
5845,27.08,27.82
594,-19.63,-19.21
5138,8.15,8.48
4398,-11.7,-12.73
6302,23.6,23.55
6565,-20.92,-21.01
7100,-16.93,-18.41
1904,-21.9,-20.77
6930,-7.47,-7.44
1304,-25.02,-25.25
1442,-2.59,-2.75
1111,3.62,3.8
3188,-2.64,-3.48
5897,-9.97,-7.49
2396,-4.31,-4.63
4468,22.08,22.3
1669,-8.65,-8.6
724,3.18,3.3
5361,24.97,24.85
3716,-32.86,-32.5
2995,5.36,8.21
4075,-7.24,-7.29
1113,10.05,9.99
625,2.89,2.8
2060,40.43,39.57
3306,-42.19,-42.14
6277,0.96,1.08
5640,12.88,12.6
436,-23.25,-23.06
6822,32.71,32.62
4287,10.55,10.86
859,5.56,4.52
3848,-2.93,-3.26
3719,-33.8,-33.7
124,2.44,2.52
3037,-23.62,-23.33
886,15.08,15.28
6439,11.29,12.2
781,16.61,17.59
5258,-27.96,-25.99
3009,21.12,21.02
2125,0.67,0.32
1351,1.35,1.41
1179,-12.6,-12.26
6860,9.43,10.49
4662,8.77,8.18
1551,2.64,4.76
6463,3.27,2.43
284,0.55,0.52
1862,-8.3,-7.45
104,13.57,14.13
58,39.58,39.67
2221,11.92,11.86
648,25.2,25.55
5820,-18.3,-18.68
3081,6.74,6.03
2676,7.64,7.23
2753,10.65,10.55
1517,9.58,9.2
6664,15.69,17.66
2145,-15.21,-15.05
5997,-3.81,-7.22
2347,37.73,37.46
2024,22.46,21.35
4274,-7.43,-6.25
943,6.49,6.99
2159,10.07,10.6
3682,-15.76,-16.06
4504,8.28,8.18
4978,-19.24,-22.54
6539,1.8,1.21
4081,-0.53,-0.9
4037,-10.2,-10.11
4532,-20.74,-21.47
6992,-29.64,-28.93
348,5.91,6.77
2598,1.2,1.85
4273,-3.19,11.56
3586,30.95,31.05
4467,24.1,23.52
1142,-19.41,-18.03
5792,-12.38,-12.96
1679,-20.46,-21.32
4615,37,41.89
3929,-26.57,-26.73
6983,-36.45,-37.28
5978,-14.52,-15.59
2563,41.33,40.32
921,43.71,42.4
3281,-13.96,-13.26
215,-21.1,-22.57
232,-0.72,-0.34
5127,0.19,0.05
5818,-34.33,-35.56
6720,-23.98,-23.03
1717,-17.78,-17.64
989,12,12.31
6344,-12.34,-12.04
2436,5.64,6.73
5088,-15.21,-15.2
1851,-1.46,0.04
5949,18.74,19.44
2331,3.88,3.25
1483,-12.55,-12.88
4832,-30.99,-33.35
4914,-1.31,1.07
1251,-0.76,-1.65
1582,-1.04,-4.25
4067,8.78,9.44
5338,-12.67,-13.71
3843,41.98,43.02
2988,-19.45,-20.17
6794,1.92,1.45
4502,12.92,12.45
1443,17.53,17.49
3869,-0.73,0.33
3720,-41.67,-41.2
3804,-4.35,-6.36
1824,3.52,2.88
5588,5.81,5.67
1033,-9.23,-8.5
4884,8,8.02
2017,-30.83,-32.52
2667,13.27,12.23
220,-6.11,-5.53
3465,18.69,18.89
7159,8.15,9.45
3771,2.21,2.19
3954,-2.97,-3.36
27,4.73,4.31
3285,-25.15,-22.85
6035,23.16,23.37
4981,6.51,6.36
5426,8.24,6.49
3208,-38.55,-38.13
6273,23.37,23.98
4754,11.21,9.88
6622,-14.96,-20.95
4527,8.28,9.28
5552,-18.48,-20.86
83,41.44,42
1192,-12.42,-11.78
1404,-5.57,-5.42
981,11.49,11.7
1695,-5.26,-4.96
5243,-27.03,-27.84
5675,17.45,17.41
4319,-8.04,-7.05
1915,-25.27,-25.32
3052,17.03,16.67
6971,-6.12,-7.33
5652,19.92,20.83
2312,-9.22,-8.26
3399,1.75,1.71
3867,7.48,7.14
6712,-13.07,-13.09
3274,-4.13,-2.86
1505,-6.95,-6.24
1270,-22.8,-22.86
2770,13.02,13.33
1635,-3.59,-3.32
5256,8.19,8.3
2492,-0.56,-0.47
2275,-15.15,-15.22
3390,6.91,6.89
829,1.64,1.61
1848,-18.41,-14.99
571,4.12,4.26
3140,-1.74,-3.1
441,7.45,7.84
3455,-18.27,-18.16
2532,24.56,23.04
5478,-39.4,-39.64
6235,14.07,13.95
193,31.91,31.83
3324,-1.12,-2.02
4211,-5.56,-6.29
4885,2.98,3.13
5317,-19.56,-15.31
1260,-4.8,-6.12
6896,31.94,32.73
251,-15.16,-15.77
4741,-9.31,-11.46
5902,22.53,20.05
148,-2.11,-2.15
6673,1.64,3.4
4779,-22.91,-18.55
980,13.87,14.6
4215,-0.69,0
1602,42.11,39.53
3244,-38.09,-37.28
3335,-13.01,-13.25
6891,23.15,21.86
2326,5.86,4.47
4530,11.96,12.43
4749,13.11,-2.4
3362,-7,-6.82
3709,-8.4,-8.32
1083,-6.96,-6.25
961,-0.75,0
6799,2.5,-1.57
7006,-1.06,0.03
5566,12.48,12.44
2165,-22.13,-22.9
6823,21.64,22.38
651,-4.44,-4.51
2776,-24.08,-23
4030,-18,-17.66
3825,-23.14,-23.36
1603,1.3,1.74
5092,-28.01,-27.52
1230,-6.45,-5.64
821,0.82,1
968,11.01,10.93
2257,2.56,3.08
1210,-7.63,-7.31
4787,-12.09,-11.52
4979,-11.29,-15
7080,-25.13,-27
4102,7.8,7.02
6695,29.75,31.48
6351,-26.37,-20.12
4297,-26.91,-26.23
6414,-10.82,-10.51
5648,-5.46,-4.98
358,3.28,3.78
5639,6.05,5.83
5324,6.39,5.89
1966,-4.92,-3.87
