"Id","Ref","SLATM-L2(+o)"
1,8.38,7.87
2,5.43,5.46
3,16.62,16.81
4,38.78,39.24
5,17.75,16.72
6,0.61,0.61
8,28.83,29.04
9,28.16,28.31
10,8.98,8.71
11,-10.9,-10.47
12,16.02,16.35
13,28.08,28.76
14,7.58,7.62
15,-1.87,-1.86
16,18.49,17.78
17,9.36,8.18
18,11.07,10.51
19,-4.3,-3.99
20,-5.7,-6
21,9.66,10.28
25,1.44,0.57
26,19.59,20.16
27,4.73,4.65
29,20.62,20.01
30,19.64,19.15
31,4.18,3.95
33,18.12,18.47
34,1.09,1.49
35,-15.27,-15.09
36,9.32,9.58
37,26.78,26.45
38,13.92,13.43
39,18.08,17.78
41,35.03,34.8
42,20.65,20.23
43,18.7,19.14
44,2.71,2.42
45,0.05,-0.05
46,-1.07,-1.1
47,-12.98,-13.36
49,10.64,10.47
50,18.08,17.4
51,18.3,17.71
52,26.48,26.08
53,13.73,13.68
54,35.92,36.57
55,27.13,27.53
56,-21.58,-22.2
58,39.58,39.32
59,11.34,11.48
60,-15.53,-17.35
61,4.28,4.17
62,1.96,1.6
63,3.32,2.56
64,5.94,5.7
65,-9.19,-8.83
66,-12.97,-13.15
67,-9.97,-10.04
68,-7.2,-8.4
69,-10.2,-10.05
70,15.08,14.69
71,34.55,33.74
72,8.76,9.14
74,51.71,51.39
75,-3.96,-4.59
76,2.24,2.64
77,24.1,23.85
78,2.21,1.96
79,24.2,23.76
80,-1.53,-1.62
81,18.37,18.49
82,22.08,22.36
83,41.44,41.93
84,-2.43,-2.01
85,-2.81,-3.05
86,15.01,15.42
87,-0.25,-0.07
88,19.34,19.29
89,-3.93,-4.68
90,-19.55,-19.25
91,3.78,3.1
92,13.42,13.06
93,11.37,11.34
94,10.98,10.92
95,18.21,17.93
96,13.69,13.46
97,11.41,11.45
98,11.42,10.63
99,14.66,14.24
100,23.26,23.06
102,-0.65,-0.62
103,-9.76,-10.2
104,13.57,13.37
105,5.99,5.85
106,-14.2,-14.53
107,6.87,6.37
108,-13.79,-13.65
109,-2.56,-2.86
110,-7.14,-6.64
111,-21.15,-20.76
112,25.48,25.56
113,5.96,6.59
114,-3.26,-3.16
115,-20.29,-20.33
116,4.55,4.76
117,19.74,19.52
118,2.61,2.76
119,6.87,6.89
121,8.35,8.25
122,17.09,17.14
123,18.54,18.48
124,2.44,2.95
125,13.56,13.88
126,35.32,35.31
127,-3.54,-4.34
129,15.11,13.88
130,-4.66,-5.09
131,7.58,6.86
132,8.16,7.9
133,27.55,27.75
134,-11.52,-13.04
135,-0.12,0.31
136,-13.02,-12.62
137,-4.07,-4.95
139,13.56,12.4
140,10.5,10.72
141,9.08,8.8
142,13.65,13.5
143,9.14,10.11
144,10.9,8.75
145,13.8,13.83
147,45.82,45.79
148,-2.11,-2.09
149,-2.42,-2.99
150,4.58,4.59
151,-8.27,-8.69
153,-9.25,-8.06
154,-4.3,-4.64
155,-9.78,-10.01
156,-12.23,-12.66
157,23.85,23.96
159,-5.56,-5.68
161,-12.43,-12.24
164,17.64,17.96
166,14.22,14
167,4.59,4.46
168,25.05,25.11
169,7.51,7.79
170,21.89,21.43
171,11.9,11.84
172,3.39,2.43
174,16.44,16.33
176,6.87,6.4
177,-5.76,-7.08
178,13.87,13.29
180,18.82,19.31
181,6.66,6.6
182,26.49,27.02
183,20.3,21.24
184,4.78,5.54
185,-18.18,-16.89
186,17.96,15.24
187,22.57,22.82
188,-27.33,-27.44
189,-13.07,-13.12
190,-0.85,-1.33
191,-19.21,-19.46
192,-1.57,-2.14
193,31.91,31.89
194,7.92,8
196,-20.06,-19.29
197,3.51,3.95
198,12.85,12.45
199,30.39,30.03
200,18.45,18.98
201,21.79,21.33
202,23.37,22.91
204,-6.97,-6.89
205,-18.9,-19.81
206,5.88,5.85
208,21.35,21.42
209,7.17,7.38
210,22.73,22.96
211,11.89,12.22
212,10.78,12.11
214,53.04,53.83
215,-21.1,-21.08
216,-16.86,-16.18
217,-22.07,-20.49
218,16.6,16.34
220,-6.11,-5.96
221,-27.26,-26.78
223,-5.57,-4.71
224,-1.33,-0.77
225,-22.33,-23.64
227,-4.39,-4.61
228,-0.88,-0.76
229,-3.18,-3.62
230,-1.41,-1.55
231,1.01,1.15
232,-0.72,-0.89
233,-14.08,-13.73
234,-14.89,-15.45
235,-14.02,-13.93
236,-16.56,-16.93
237,-14.9,-14.76
238,13.86,12.28
241,-13.81,-14.58
242,-14.24,-15.83
243,-20,-20
244,8.05,7.86
245,27.37,26.78
248,-8.9,-8.12
249,-12.77,-12.71
250,-18.81,-19.26
251,-15.16,-15.97
252,-15.34,-16.26
253,-12.72,-13.42
255,-16.26,-16.27
256,5.62,4.89
257,25.47,25.22
258,9.92,9.69
259,30.16,30.09
260,7.86,7.77
261,6.94,6.5
262,25.1,25.02
263,49.81,48.34
264,1.86,2.63
265,24.16,23.97
266,6.15,6.07
267,25.57,25.49
270,3.91,3.76
271,23.64,23.29
272,47.02,45.9
273,64.43,65.54
276,18.03,18.08
277,-5.05,-4.71
281,1.51,1.69
282,22.1,21.71
283,-4.45,-3.57
284,0.55,0.49
285,21.04,21.05
286,3.01,2.64
287,23.37,23.15
288,-8.23,-8.71
289,-4.38,-5.21
290,15.54,15.24
291,-8.08,-9.11
293,-8.52,-8.4
295,12.78,12.48
297,8.93,9.45
298,14.33,14.21
299,30.98,32.06
300,19.93,19.89
301,41.9,41.59
303,-8.75,-9.19
304,-2.51,-2.03
305,19.39,19.06
306,-7.19,-7.36
307,-1.84,-1.15
309,-8.28,-8.15
310,-6.61,-6.58
311,14.03,14.04
312,10.37,10.54
313,17.42,17.47
315,-7.42,-7.4
316,-7.83,-8.01
317,10,10.2
318,-5.15,-5.22
319,14.48,14.26
320,28.94,27.24
321,1.94,2.41
323,25.96,26.07
326,7.01,6.8
327,6.14,6.23
328,-2.11,-2.15
329,10.81,9.68
330,6.02,11
331,-6.59,-7.25
332,-37.74,-38.65
333,-14.75,-14.03
334,-10.66,-10.26
335,-13.26,-15.41
337,11.98,10.53
338,-31.11,-36.74
339,-2.31,-0.98
340,-35.73,-35.12
341,-14.05,-14.14
343,1.83,2.32
344,34.16,33.37
345,7.16,5.73
347,8.68,9.47
348,5.91,6.98
349,7.8,6.71
350,7.23,6.76
351,5.65,5.49
352,-11.95,-12.35
353,0.85,0.96
354,5.87,5.45
356,-12.35,-12.99
357,2.88,2.55
358,3.28,3.07
362,-9.86,-11.3
363,-2.8,-3.58
364,-4.93,-5.91
366,3.19,3.25
367,-26.18,-25.47
369,0.03,0.09
370,14.17,11.95
371,34.26,34.77
373,16.23,16.47
374,7.43,6.19
375,10.15,10.41
376,-10.6,-11.51
377,15.26,15.11
378,-15.73,-14.8
379,-31.48,-30.89
381,7.64,7.64
382,0.74,1.27
383,1.77,3.19
385,4.31,3.86
386,14.65,14.62
387,37.16,37.2
389,-1.22,-2.3
390,13.27,11.27
391,10.34,10.35
393,-4.67,-4.39
394,-18.29,-19.1
395,-32.76,-31.83
396,10.79,11.06
397,-1.93,-1.08
399,8.3,8.3
401,15.43,15.77
402,37.54,37.44
403,6.25,6.72
404,13.23,13.01
405,8.67,8.87
406,17.3,17.13
410,10.19,9.93
411,18.2,18.1
412,38.52,39.32
413,16.06,16.2
415,7.63,6.98
416,36.03,36.45
417,-5.57,-5.52
418,13.05,12.01
419,-13.61,-13.58
420,-12.36,-11.8
421,9.44,9.69
422,-15.77,-16.04
423,10.24,10.01
424,31.21,32.13
425,4.83,5.72
426,0.95,0.74
427,-1.03,-0.84
428,-20.6,-20.03
429,-1.15,-0.29
430,-17.37,-18.05
431,0.57,0.08
432,-18.3,-18.17
433,-16.01,-15.44
434,-6.37,-6.66
435,-0.11,-0.47
436,-23.25,-22.93
437,-9.57,-9.65
438,-28.15,-27.97
439,-9.4,-9.62
440,-26.95,-27.25
441,7.45,7.42
442,18.17,18.64
443,17.66,18.31
444,3.19,2.81
445,1.23,1.17
448,-18.92,-18.44
450,-10.98,-10.98
451,-25.55,-25.5
453,1.27,1.51
454,-9.06,-8.57
456,-0.29,-0.02
457,-1.86,-1.98
458,14.04,14.58
459,-10.53,-10.5
460,16.52,16.18
461,-7.7,-5.66
462,15.82,17.32
463,10.17,9.89
464,-15.67,-15.75
465,36,36.51
466,9.82,11.26
467,7.7,7.68
468,11.42,10.89
469,-14.51,-14.37
470,14.96,14.6
471,24.46,24.84
472,46.33,46.62
473,11.57,11.24
475,-0.84,-0.82
476,19.08,19.55
477,3.27,3.16
478,1.57,1.09
479,20.9,20.82
480,-8.91,-9
481,1.36,1.69
484,-21.7,-23.23
485,4.45,4.37
486,-1.5,-0.65
488,-18.7,-18.54
489,-5.28,-5.04
490,-8.31,-8.71
491,-28.87,-29.43
492,0.58,0.99
493,-1.23,-1.65
494,-5.89,-6.8
495,17.75,16.93
496,27.17,27
498,15.09,14.49
499,15.94,16.07
500,12.09,10.02
501,-7.47,-7.87
502,18.28,18.13
503,11.13,10.9
504,10.17,9.81
505,11.78,11.72
506,6.9,6.51
507,16.53,15.74
508,-0.81,-0.0800000000000001
509,0.12,0.45
510,20.98,20.15
511,3.01,2.64
513,6.82,6.92
514,28.59,28.33
515,5.38,5.05
516,-0.58,0.23
517,-23.26,-22.58
518,-4.58,-3.16
519,-1.43,-1.92
520,-10.57,-10.11
521,-12.31,-12.06
522,-3.1,-2.5
523,21.8,19.25
524,30.97,30.34
525,10.31,12.18
526,6.49,3.68
527,19.45,17.17
528,-5.67,-6.08
529,37.51,37.47
530,14.03,13.86
531,12.12,11.57
533,44.17,44.03
534,21.54,21.15
535,5.88,5.24
536,-20.82,-20.91
537,-6.98,-6.4
538,1.49,1.73
540,4.86,6.02
541,-25.24,-24.35
542,17.1,17.57
544,11.84,12.11
546,9.31,8.82
547,12.51,12.29
548,23.22,21.33
549,14.3,14.27
551,23.29,23.23
552,11.82,12.08
553,33.44,33.1
554,-4.17,-4.15
555,6.2,6.35
556,28.47,29.13
557,6.26,6.49
558,-2.32,-2.28
559,4.9,5.04
560,25.7,25.94
561,8.55,8.45
562,28.12,28.4
563,8.25,8.43
565,12.21,12.19
566,-2.34,-3.87
567,-5.55,-5.61
568,-11.51,-12.05
569,3.34,3.94
570,-10.28,-10.66
571,4.12,4.76
572,-11.27,-11.23
573,13.68,14.42
575,24.27,22.19
576,2.98,3.94
577,2.2,1.43
578,-1.08,-1.27
579,23.45,24.34
580,29.3,29.66
582,43.21,42.83
584,12.01,12.28
585,20.92,21.19
586,45.5,44.63
587,15.01,15.44
588,34.23,34.38
590,-14.93,-16.24
591,-0.95,-1.19
592,-8.61,-9.08
593,-8.2,-9.21
594,-19.63,-20.76
595,-10.42,-11
596,-13.42,-15.27
599,10.52,10.97
600,-17.76,-17.78
601,-14.64,-14.09
602,17.37,16.36
603,5.4,4.71
604,-13.83,-13.99
605,14.9,14.58
606,-1.2,-1.49
607,16.58,16.17
608,-0.37,-1.92
609,13.3,11.64
610,9.53,9.16
611,-9.4,-9.61
612,18.4,17.92
614,9.96,9.66
615,34.07,33.74
616,56.79,56.48
617,5.98,6.65
618,29.76,29.27
619,6.25,5.8
620,28.85,27.63
621,28.02,27.81
622,47.61,47.92
624,22.83,22.67
625,2.89,2.76
626,-24.69,-24.2
628,-32.81,-30.57
629,9.66,9.65
630,8.02,7.06
631,31.26,30.89
632,23.46,23.3
633,7.66,7.42
634,7.92,8.33
635,28.43,28.77
637,8,7.77
638,-0.89,-0.13
639,23.44,24
640,-6.22,-5.99
641,14.42,13.88
642,0.87,0.2
643,25.83,25.16
644,20.37,20.54
645,41,41.3
647,8.42,4.97
648,25.2,25.57
649,5.42,3.83
650,6.64,6.06
651,-4.44,-2.61
653,-5.69,-6.59
654,-14.33,-13.7
656,-10.78,-12.35
657,0.52,-0.02
658,2.6,0.39
659,-5.84,-4.74
660,33.23,32.32
661,7.8,6.81
662,17.04,13.78
663,1.74,2.77
665,-3.69,-5.91
666,-0.91,-0.86
667,5.27,5
668,4.84,3.31
669,-5.7,-5.25
670,-1.32,-1.22
671,3.64,2.85
673,-13.21,-13.18
674,-22.45,-22.28
675,-13.32,-14.07
676,-9.59,-9.92
677,-3.68,-4.93
680,-9.41,-8.13
681,0.49,1.05
682,-20.24,-19.54
684,-2.31,-3.74
685,-5.05,-5.06
686,5.59,4.33
687,-12.69,-12.03
688,1.76,1.77
689,-26.63,-25.91
690,3.35,4.09
691,12.12,11.36
692,-23.65,-24.07
693,-3.4,-4.67
694,-7.88,-8.03
695,5.35,4.39
696,-6.76,-6.01
697,-4.47,-4.35
698,0.92,0.28
700,12.21,11.96
701,0.85,1.08
702,12.49,12.72
703,35.89,36.38
704,10.58,10.62
705,2.96,2.36
706,8.73,9.97
708,-2.07,-1.22
710,-0.93,0.0099999999999999
711,-5.55,-5.04
712,-6.85,-7.83
713,0.11,-0.32
714,8.97,9.79
715,8.43,7.75
716,5.46,5.22
717,14.65,13.11
718,37.95,37.37
719,4.38,3.93
720,8.57,7.95
721,17.39,16.22
722,37.95,37.65
723,3.9,4.98
724,3.18,2.95
725,8.9,9.27
726,18.2,18.12
727,37.93,38.47
728,15.08,14.7
729,14.21,13.93
730,6.89,7.13
731,35.6,36.28
732,-7.06,-6.91
734,-3.83,-2.24
735,18.18,18.12
736,-8.35,-8.54
737,-2.05,-2.41
738,-2.64,-2.38
739,-16.36,-14.97
740,-3.24,-3.33
741,-18.07,-17.64
743,-2.66,-3.91
744,-18.81,-18.13
746,-9.21,-8.56
747,-7.75,-8.04
748,-1.54,-2.19
749,-14.27,-14.9
750,-11.68,-12.22
751,-20.62,-20.62
752,-12.1,-11.97
753,-22.66,-23
754,-17.43,-17.22
755,16.64,17.53
756,15.17,15.53
757,3.21,3.45
758,8.9,9.82
759,-0.17,-0.12
760,-12.97,-13.09
761,-1.26,-1.53
762,-14.1,-12.97
763,-8.62,-8.74
765,-17.27,-17.77
766,21.53,22.02
767,10.55,10.64
768,-11.43,-11.05
769,-23.57,-23.76
771,1.11,1.01
772,4.6,4.77
773,0.95,0.33
774,-2.13,-2.19
775,-27.16,-27.77
776,-27.93,-28.28
777,-33.78,-32.84
779,-34,-32.65
780,-1.96,-2.05
781,16.61,17.81
782,-7.1,-7.33
783,16.92,17.71
784,13.37,13.35
785,11.34,11.73
786,7.4,7.46
787,13.61,13.86
788,-3.54,-4.4
789,16.15,16.51
791,-1.18,-1.48
792,18.69,18.07
793,-24.34,-23.94
794,-15.55,-13.97
795,9.6,9.61
796,-11.84,-11.38
797,-1.22,-0.78
798,19.6,19.74
799,2.8,2.88
800,-15.24,-15.59
801,-14.2,-14.95
803,-17.5,-17.98
804,-18.2,-19.33
806,-10.27,-11.08
807,-16.06,-16.42
808,-28.93,-28.62
809,-5.58,-5.83
811,-18.21,-17.38
812,-22.59,-22.9
813,-6.66,-7.1
814,-14.93,-14.4
815,-25.32,-25.25
816,-29.52,-29.09
817,13.95,14
818,21.44,21.79
819,-11.23,-11.66
821,0.82,0.29
822,11.22,10.61
823,36.04,36.24
824,-13.37,-13.95
825,7.27,6.98
826,-3.34,-2.67
827,-2.75,-3.72
829,1.64,1.93
830,-4.56,-4.18
831,-1.88,-1.53
833,30.79,31.78
834,2.78,2.92
835,3.78,3.47
836,-19.81,-19.64
837,-29.48,-30.03
838,-23.67,-26.02
839,-8.02,-7.54
840,-10.13,-9.01
841,-18.38,-17.89
843,-31.66,-31.06
844,-1.66,-1.49
845,6.57,6.61
846,-22.31,-22.64
847,15.09,15.45
848,22.67,22.36
849,9.97,9.03
850,13.29,12.2
851,23.24,23.91
852,16.57,15.84
853,25.57,25.94
854,3.57,2.93
855,8.97,9.25
856,32.52,32.54
857,7.84,7.71
858,32.78,33.19
859,5.56,5.7
860,-3.5,-3.8
861,7.06,6.87
862,31.33,31.85
864,-1.06,-1.15
865,7.6,7.17
866,28.88,29.95
867,9.35,8.9
869,4.07,4
870,10.98,11.22
871,-3.45,-2.7
872,8.39,7.43
873,-0.94,-1.14
874,2.57,2.89
875,-2.48,-2.96
876,2.05,0.67
877,-5.75,-6.01
878,-1.04,-1.4
879,17.02,17.01
880,21.89,20.34
881,5.8,4.94
882,-20.97,-20.65
883,6.44,5.95
885,12.69,10.22
886,15.08,15.27
887,34.44,34.95
888,2.51,2.72
890,-5.96,-9.59
891,-16.46,-16.43
892,-31.18,-31.11
893,-15.71,-13.34
894,-24.6,-25.18
895,-28.4,-28.13
896,-1.57,-1.81
897,-10.75,-11.44
899,-16.48,-15.33
900,-37.33,-38.24
901,-30.62,-32.57
902,-12.34,-12.13
903,-5.17,-7.91
904,-16.55,-16.77
905,-6.48,-6.26
906,7.45,7.49
907,-0.57,-1.74
908,-32.52,-33.12
909,14.66,14.82
910,4.53,3.93
911,-4.98,-5.54
912,13.59,14.04
913,6.16,6.57
914,15.84,15.79
915,7.46,5.37
917,7.86,7.66
918,-1.48,-1.36
919,15.1,15.31
920,6.87,6.97
921,43.71,42.29
922,15.49,15.06
923,39.5,39.76
924,11.3,11.91
925,8.08,8.72
926,31.86,31.66
927,56.32,56.32
928,6.52,6.94
930,6.07,6.33
931,26.94,26.19
932,28.88,28.82
933,48.68,49.26
934,2.31,2.1
935,21.96,21.91
937,-15,-15.86
938,15.13,13.97
939,-18.75,-19.73
940,-4.31,-4.4
941,8.64,9.11
942,-3.49,-2.78
943,6.49,6.99
944,-6.31,-5.31
945,30.28,30.9
946,22.67,22.45
947,-11.33,-11.26
948,12.69,12.82
949,22.07,22.45
951,15.5,16.51
952,4.59,4.18
953,28.93,30.96
954,11.12,11.34
955,-7.19,-6.97
956,-18.29,-18.85
957,7.92,8.28
958,-25.09,-23.71
959,-4.48,-4.84
960,28.84,29.84
961,-0.75,-0.27
962,16.28,16.57
963,32.94,34.11
964,7.53,9.08
965,12.59,12.17
967,-5.42,-5.13
968,11.01,10.55
969,-4.52,-3.85
970,-22.17,-22.37
971,-1.31,-2.25
972,14.18,15.3
974,-27.93,-27.28
975,13.36,12.62
976,-2.39,-1.39
977,-27.16,-25.63
978,13.54,13.43
979,19.49,19.82
980,13.87,15.62
981,11.49,12.5
982,3.4,3.53
983,11.3,9.91
984,7.35,7.02
985,-0.99,-2.01
986,-28.85,-27.65
987,11.13,11.91
988,10.31,10.26
989,12,12.44
991,10.17,10.96
992,10.08,9.01
993,8.41,8.83
994,20.54,20.59
995,-27.07,-28.24
996,23.34,23.11
997,-26.8,-27.14
998,22.65,22.74
1000,-31.99,-33.7
1001,42.59,43.62
1002,-4.95,-4.76
1003,13.32,11.08
1004,17.53,17.68
1005,-32.14,-32.43
1006,-14.96,-15.41
1007,-19.47,-19.25
1009,-11.81,-11.49
1010,-9.64,-9.67
1011,-26.72,-26.58
1012,-1.11,-0.75
1013,-5.73,-6
1014,-24.44,-24.57
1015,25.77,25.34
1016,-19.72,-19.2
1017,-18.25,-18.06
1018,-24.57,-23.47
1019,-10.04,-11.26
1020,-22.16,-21.95
1021,-20.08,-19.67
1022,-25.45,-26.43
1023,-6.83,-7.25
1024,-18.53,-19.06
1025,37.61,37.72
1027,-27.89,-27.62
1029,15.92,15.45
1030,1.48,1.58
1031,-7.39,-7.54
1032,-13.47,-13.38
1033,-9.23,-8.26
1034,-20.55,-20.92
1035,-29.15,-30.82
1036,-3.27,-2.96
1037,43.8,41.32
1038,0.41,1.43
1039,10.93,10.69
1040,4.94,4.94
1041,-1.23,-1.7
1043,-30.95,-32.22
1044,-7.01,-8.62
1045,-20.77,-21.34
1046,-9.06,-10.12
1047,-3.64,-4.61
1048,-23.71,-24.38
1050,20.24,20.19
1051,10.45,10.93
1053,4.76,6.03
1054,15.19,13.16
1055,19.04,19.48
1056,22.11,20.97
1057,22.97,23.22
1058,0.75,0.63
1059,-16.42,-15.6
1062,1.61,1.54
1063,-6.32,-6.76
1064,1.72,0.82
1065,-5.39,-4.95
1066,1.83,1.02
1067,-8.29,-8.12
1068,-3.45,-3.33
1069,13.06,13.56
1070,-19.8,-20.09
1071,7.07,7.42
1072,43.61,43.31
1073,59.96,62.37
1074,24.35,23.54
1075,24.6,24.03
1076,25.63,25.73
1078,12.66,12.37
1080,10.44,9.56
1081,-4.15,-3.75
1082,5.16,4.82
1083,-6.96,-6.1
1084,4.96,4.6
1085,-9.58,-10.22
1086,20.97,17.65
1087,31.32,30.68
1089,12.64,12.86
1090,5.93,6.47
1091,-15.85,-15.86
1092,-12.05,-12.53
1093,-2.85,-2.74
1094,9.1,9.78
1095,10.04,8.4
1096,-0.73,2.61
1097,15.54,15.07
1098,13.96,13.88
1099,0.22,-0.42
1100,16.53,15.92
1101,-0.09,-1.23
1103,17.18,17.8
1106,8.36,8.81
1107,6.33,5.63
1108,31.85,32.46
1109,3.64,3.34
1110,27.93,28
1111,3.62,3.95
1112,25.91,25.92
1113,10.05,10.21
1114,-16.67,-17.49
1115,-22.55,-24.36
1116,-2.95,-5.46
1117,-4.43,-3.85
1118,-38.19,-38.81
1120,-32.28,-32.02
1121,-21.56,-21.42
1122,-4.95,-5.34
1124,-11.63,-11.23
1125,-18.51,-18.14
1126,-32.7,-33.82
1128,5.33,5.23
1129,15.6,15.55
1130,7,6.42
1131,16.41,16.64
1132,7.17,7.91
1133,10.42,7.6
1134,-20.15,-21.14
1135,7.04,5.8
1136,-27.72,-26.87
1138,19.55,19.85
1139,-9.12,-9.32
1140,-10.35,-10.09
1141,13.82,14.18
1142,-19.41,-18.57
1144,14.46,14.53
1145,-7.72,-9.77
1146,-7.74,-7.97
1147,7.28,6.79
1148,15.5,14.78
1149,32.46,32.45
1150,26.76,26.82
1152,-28.32,-27.88
1153,-24.55,-23.28
1154,-28.34,-28.09
1156,-29.58,-27.82
1157,-24.05,-23.54
1158,-30.84,-29.4
1159,-31.29,-31.16
1161,0.2,0.1
1162,8.06,8.17
1163,-1.36,-1.4
1165,84.78,86.68
1166,-20.25,-20.04
1167,-21.54,-22.18
1168,-20.24,-20.27
1169,-22.63,-22.69
1171,12.11,10.94
1174,11.66,11.77
1177,2,1.05
1178,7.62,8.53
1179,-12.6,-12.47
1180,-11.98,-12.76
1181,-25.86,-27.52
1182,-14.08,-13.68
1184,-11.04,-10.53
1187,10.03,8.81
1188,-12.28,-11.31
1189,-12.6,-11.07
1190,-7.92,-9.61
1191,-7.15,-7.07
1192,-12.42,-12.37
1195,-11.36,-11
1196,-32.34,-32.65
1197,-29.37,-31.97
1200,-6.12,-5.88
1202,-10.71,-10.2
1203,-6.92,-6.91
1204,-6.55,-5.37
1205,-27.1,-27.62
1206,-10.01,-10.35
1207,-6.33,-6.28
1208,-9.59,-9.87
1209,-5.9,-5.55
1210,-7.63,-7.51
1211,-8.13,-8.74
1212,-9.96,-10.82
1213,-7.57,-7.41
1214,-6.38,-6.22
1215,-3.9,-3.67
1216,-4.9,-5.05
1217,-6.42,-6.48
1218,-5.13,-4.4
1219,-18.98,-18.8
1220,-20.61,-20
1221,-20.85,-21.08
1222,-20.46,-20.49
1223,-19.13,-18.94
1224,-18.11,-18.71
1227,-19.84,-19.83
1228,-5.46,-6.43
1229,-10.56,-9.18
1230,-6.45,-5.38
1231,-22.26,-23.4
1232,-11.56,-12.52
1233,-12.17,-12.71
1234,-11.24,-11.62
1235,15.91,19.58
1237,-17.35,-17.54
1238,-12.23,-12.95
1239,-20.14,-20.03
1240,5.3,4.91
1241,-10.15,-9.38
1242,7.19,5.14
1244,-0.14,-0.32
1245,3.07,3.05
1246,23.31,23.32
1247,-4.42,-3.65
1248,4.96,4.2
1249,-8.98,-7.8
1250,-10.69,-10.88
1251,-0.76,-1.61
1252,18.42,16.96
1253,2.33,2.85
1254,21.35,20.92
1255,0,-0.74
1256,19.02,17.53
1257,-2.21,-1.91
1258,17.62,18.04
1259,-9.2,-10.27
1260,-4.8,-6.9
1261,-10.76,-10.91
1262,-8.17,-7.74
1263,-13.48,-12.37
1264,-16.39,-15.8
1265,-17.5,-16.4
1266,-23.64,-23.43
1268,-21.01,-21.28
1269,-15.39,-14.28
1270,-22.8,-22.03
1271,-19.39,-18.87
1272,-24.95,-25.45
1273,-22.15,-21.1
1276,-20.63,-21.9
1277,-16.88,-16.65
1278,-15.99,-16.86
1279,-18.9,-18.73
1280,-13.73,-13.62
1282,-28.3,-28.17
1283,-26.85,-27.48
1284,-22.79,-23.48
1285,-22.89,-23.52
1286,-23.15,-23.5
1287,-21.79,-22.67
1289,-23.43,-24.19
1290,-22.12,-22.62
1292,-22.18,-22.8
1293,-19.44,-21.1
1294,-23.95,-21.89
1295,-23.83,-23.83
1296,-20.96,-21.43
1297,-20.03,-20.39
1298,-25.35,-24.95
1299,-20.65,-21.32
1300,-19.18,-18.24
1301,-22.78,-22.95
1302,-26.88,-26.67
1303,-22.31,-21.84
1304,-25.02,-25.33
1305,-25.86,-25.34
1306,11.09,9.52
1307,31.4,31.42
1308,51.69,50.49
1309,1.65,0.79
1310,22.26,21.47
1311,-17.78,-19.65
1312,-18.58,-18.53
1313,-15.4,-16.76
1314,-14.26,-15.19
1315,-7.59,-7.84
1316,-11.16,-11.22
1317,-12.14,-13.25
1318,1.43,-0.41
1319,3.29,2.74
1320,6.1,3.61
1321,7.21,5.99
1323,7.17,6.39
1324,8.01,7.25
1325,-22.23,-22.02
1326,-17.15,-18.34
1327,-15.82,-15.05
1328,-18.91,-19.16
1330,-19.83,-20.22
1332,-17.52,-17.86
1333,-21.63,-20.85
1334,-21.43,-21.51
1335,0.86,0.85
1336,17.94,17.99
1337,0.66,-0.25
1338,20.41,20.06
1339,-1.1,-1.7
1341,15.95,16.01
1342,5.02,5.13
1344,7.75,8.46
1345,7.72,8.34
1346,27.31,27
1347,24.6,24.44
1349,46.66,46.82
1350,2.71,2.64
1351,1.35,1.19
1352,2.09,2.44
1353,3.58,3.68
1354,0.25,-1.19
1356,20.74,21.05
1358,2.51,2.87
1359,20.41,20.18
1360,45.08,44.37
1362,22.62,22.44
1363,7.74,7.09
1364,28.71,28.36
1365,51.6,51.09
1366,44.65,43.71
1367,2.09,2.27
1368,23.55,23.48
1370,23.82,23.26
1371,22.42,21.91
1372,41.91,41.46
1373,-1.08,-1.63
1374,18.3,17.74
1375,76.44,75.79
1377,64.55,63.56
1378,37.59,37.26
1379,0.26,0.06
1380,19.36,19.54
1381,-13.32,-13.23
1382,-9.69,-7.95
1383,8.33,8.79
1385,15.26,15.58
1386,41.31,39.98
1387,-11.71,-12.63
1389,16.52,15.74
1391,17.99,17.57
1392,-10.78,-10.39
1393,-15.22,-15.76
1394,-4.27,-4.6
1396,16.45,16.14
1398,-5.71,-5.63
1399,-13.9,-13.99
1400,-6.74,-6.83
1401,12.65,12.45
1402,-3.3,-3.87
1403,16.32,15.77
1404,-5.57,-5.5
1405,16.62,15.65
1406,-0.75,-0.5
1408,-14.09,-12.89
1410,36.29,36.32
1411,-7.94,-7.99
1412,-3.75,-4.57
1413,16,15.32
1414,17.77,17.4
1415,38.62,38.17
1416,-3.65,-4.69
1417,16.53,16.33
1418,-4.62,-4.47
1419,-7.93,-10.38
1420,10.49,10.54
1421,-8.23,-8.01
1423,15.69,15.04
1424,-3.26,-4.05
1425,16.32,16.06
1428,38.53,37.95
1429,-15.14,-15.47
1430,-8.85,-8.57
1432,-7.17,-6.18
1433,13.53,13.3
1435,7.88,7.27
1436,11.31,11.43
1438,-14.51,-14.52
1439,-11.22,-11.7
1440,8.33,7.61
1441,15.37,15.69
1442,-2.59,-2.89
1443,17.53,17.4
1444,17.12,16.44
1445,38.1,38.05
1446,5.87,6.08
1447,14.24,14.22
1448,36.8,35.83
1449,15.55,15.69
1450,39.51,38.08
1451,1.78,2.52
1452,13.7,13.83
1453,35.81,35.5
1454,33.45,34.47
1455,53.19,54.85
1456,3.37,3.28
1457,11.51,11.66
1458,32.25,31.96
1459,14.21,13.92
1460,34.02,33.9
1461,-13.08,-12.94
1462,-8.38,-7.88
1463,13.28,13.34
1464,-9.84,-9.53
1465,-13.55,-13.75
1466,-9.95,-10.1
1467,9.64,9.73
1468,-3.28,-2.99
1469,17.33,16.69
1470,-9.23,-8.69
1472,-5.93,-5.11
1473,9.25,9.37
1474,-3.97,-4.17
1475,16.52,16.22
1476,-7.29,-6.95
1477,12.98,13.19
1478,-2.09,-2.66
1479,18,17.44
1480,-13.51,-13.29
1481,-8.73,-8.97
1483,-12.55,-13.43
1484,7.76,7.55
1486,-13.89,-13.4
1487,4.6,4.92
1488,-10.5,-10.63
1489,8.11,8.21
1490,40.35,39.7
1491,-12.88,-11.87
1492,-11.63,-11.59
1493,7.9,8.09
1494,9.72,9.63
1495,4.25,4.45
1496,9.66,9.21
1497,26.3,27.04
1498,15.27,14.82
1499,37.26,36.44
1500,-12.21,-12.36
1501,-13.8,-14.46
1502,-7.52,-7.24
1503,14.38,13.74
1504,-12.43,-12.13
1505,-6.95,-6.23
1506,14.16,13.51
1507,-13.54,-13.42
1508,-11.57,-11.56
1509,8.19,8.22
1511,12.41,12.15
1512,31.71,31.41
1513,-12.32,-12.49
1514,-12.77,-13.09
1517,9.58,9.14
1519,32.82,27.35
1520,20.5,19.94
1521,10.74,11.47
1525,17.52,16.9
1530,12.25,11.28
1533,20.67,18.6
1536,12.7,12.64
1537,-3,-2.99
1539,20.2,20.55
1540,25.65,25.39
1543,1.79,-1.77
1544,-0.24,-0.09
1546,-5.35,-7.64
1548,-3.87,-3.16
1550,7.88,9.02
1551,2.64,2.92
1553,2.71,-0.18
1555,16.54,13.5
1556,0.59,0.77
1557,7.78,5.97
1560,4.53,3.42
1562,-10.26,-10.72
1564,14.74,15.13
1565,19.7,18.63
1566,-4.87,-4.99
1567,2.42,2.38
1569,24.7,25.21
1571,-7.35,-7.93
1574,-12.79,-15.49
1575,-13.18,-5.24
1577,0.74,0.73
1578,17.81,18.54
1580,0.87,0.13
1583,33.67,31.27
1584,34.57,34.35
1585,2.54,2.57
1586,15.09,12.74
1588,16.18,15.93
1590,1.37,0.01
1593,-4.11,-7.5
1595,9.86,5.83
1597,-2.75,-1.89
1598,0.03,-0.06
1599,13.02,10.55
1601,-1.73,-6.25
1602,42.11,44.52
1603,1.3,2.19
1606,4.11,0.92
1607,0.33,-2.86
1608,-2.01,-2.5
1610,17.03,16.68
1611,29.14,27.73
1612,-4.54,-3.67
1613,6.46,9.85
1614,33.64,30.84
1615,-2.54,-5.38
1617,-3.27,-1.84
1618,8.06,10.61
1619,8.78,11.19
1620,-3.8,-3.8
1622,-7.21,-6.22
1623,-11.66,-10.97
1624,-3.41,2.19
1625,-3.81,-3.96
1626,-3.39,-3.61
1627,-3.12,-3.55
1628,15.09,18.53
1630,3.06,2.57
1631,10.84,11.34
1632,-6.56,-6.77
1633,-1.96,-2.59
1634,0.13,0.4
1635,-3.59,-2.31
1636,-2.42,-0.81
1637,-0.57,-1.01
1638,4.44,1.53
1639,5.54,5.33
1640,0.3,0.43
1641,11.12,12.11
1642,2.4,0.52
1643,-2.58,-0.51
1644,-1.05,-0.48
1645,21.88,21.02
1646,-5.12,-4.1
1648,19.04,19.68
1649,17.55,16.48
1651,0.12,-0.78
1652,-16.32,-16.6
1653,18.54,18.58
1654,-7.66,-7.38
1655,23.68,23.81
1656,24.36,25.2
1657,14.26,12.72
1658,6.76,5.38
1662,9.89,10.83
1663,19.87,18.7
1665,4.7,3.31
1666,-0.31,0.26
1667,3.92,3.15
1668,2.17,0.63
1669,-8.65,-8.02
1670,-1.7,1.28
1671,-2.65,1.84
1673,0.91,0.27
1674,-1.1,-2.12
1676,1.54,1.71
1677,0.45,0.72
1678,-18.11,-18.54
1679,-20.46,-21.6
1680,-7.21,-7.34
1682,-5.34,-5.82
1683,3.77,2.86
1684,-9.27,-10.65
1685,-0.72,-2.11
1686,4.16,8.5
1687,-2.56,2.44
1688,-0.73,4.66
1689,-22.27,-23.29
1690,-18.96,-19.15
1691,-12.2,-12.08
1692,-6.64,-7.56
1693,-15.7,-15.65
1694,-15.6,-15.34
1695,-5.26,-5.6
1697,-20.65,-21.16
1698,-19.68,-20.55
1700,-11.36,-11.95
1701,-6.39,-5.8
1702,-19.75,-20.63
1703,-35.21,-34.35
1704,-28.86,-28.15
1706,-2.68,-3.13
1707,13.05,14.58
1708,35.14,34.92
1709,1.35,0.89
1710,-7.49,-8.64
1712,-21.15,-21.9
1713,-12.87,-12.85
1714,-14.93,-15.05
1715,-13.18,-14.04
1716,-18.63,-18.77
1717,-17.78,-17.01
1718,-6.05,-5.77
1719,-6.31,-4.71
1720,-1.12,-1.76
1721,-21.27,-21.18
1723,-22.41,-25.95
1724,-24.17,-25.04
1725,-24.72,-23.27
1726,-8.52,-8.8
1728,6.85,6.09
1729,-6.51,-5.93
1730,-28.11,-28.5
1733,27.13,26.93
1734,8.52,8.82
1735,27.47,27.22
1736,-11.48,-10.93
1739,0.41,-1.95
1741,19.57,20.7
1742,-3.8,-4.53
1743,3.95,1.37
1744,2.21,0.68
1746,-4.54,-4.17
1747,-17.73,-19.42
1750,-24.76,-23.46
1751,8.45,8.78
1752,-20.82,-21.56
1754,-27.4,-27.32
1756,-27.56,-27.2
1757,-19.8,-20.43
1758,-14.18,-14.16
1759,-15.52,-14.9
1760,-18.02,-18.37
1761,-11.98,-10.79
1762,2.17,1.81
1764,-13.64,-12.47
1765,-45.37,-43.41
1766,-24.93,-25.13
1767,-19.02,-18.86
1768,-20,-19.29
1769,-24.2,-22.73
1771,-19.02,-18.5
1772,-11.45,-10.84
1773,-22.59,-22.04
1774,-25.68,-25.27
1775,-33.71,-32.97
1777,-24.71,-23.3
1778,-3.38,-3.92
1779,13.08,13.79
1782,-5.79,-6.2
1783,5.44,4.71
1784,-1.16,0.02
1785,-1.51,-2.08
1786,-23.76,-22.99
1787,-19.48,-19.38
1788,-0.4,0.19
1789,-6.12,-6.34
1790,-5.87,-4.1
1791,-1.62,-0.13
1792,-4.39,-3.31
1793,21.74,21.8
1794,17.2,17.93
1795,25.37,25.08
1796,15.82,15.99
1798,14.83,14.62
1799,2.89,2.36
1800,-1.12,-1.78
1801,6,5.38
1803,-2.75,-5.11
1804,9.97,10.05
1805,29.2,29.71
1806,1.04,-0.67
1807,10.74,10.4
1808,30.13,27.9
1811,29.62,29.02
1812,9.54,8.6
1813,5.77,5.9
1814,-9.61,-9.99
1815,9.63,8.96
1816,8.81,6.78
1817,1.18,2.33
1818,-8.92,-9.22
1819,22.32,23.92
1820,1.52,0.98
1821,5.38,4.44
1822,-16.76,-17.6
1823,-3.57,-3.47
1824,3.52,3.01
1826,-9.46,-10.09
1827,2.83,2
1828,9.9,9.54
1830,-8.07,-9.2
1831,-12.8,-12.52
1832,-2.37,-2.27
1833,-18.58,-18.44
1834,-13.45,-14.12
1835,-40.15,-44.39
1836,-33.71,-33.41
1837,-9.08,-8.8
1838,6,6.18
1839,-26.69,-27.67
1840,-17.16,-16.54
1841,-40.87,-40.41
1842,-33.62,-32.45
1844,-17.06,-16.27
1845,-43.3,-41.43
1846,-11.33,-12.39
1847,-17.3,-18.88
1848,-18.41,-17
1849,-21.7,-22.93
1851,-1.46,-0.36
1852,-21.01,-20.71
1853,-27.14,-27.09
1854,-33.28,-32.38
1855,-25,-24.92
1856,-34.1,-32.99
1860,14.34,15.67
1861,-9.81,-9.55
1862,-8.3,-7.4
1863,-23.02,-23.32
1864,4.37,4.5
1865,-5.25,-4.38
1866,15.11,15.81
1867,25.75,25.49
1868,6.54,6.11
1869,10.23,10.64
1870,30.79,30.76
1871,10.06,9.89
1872,5.6,4.57
1873,-8.77,-9.96
1874,-0.77,-1.17
1875,-8.73,-9.81
1876,7.04,5.69
1877,-2.09,-2.46
1878,9.11,8.85
1879,30.28,28.14
1880,8.68,8.28
1881,8.84,7.12
1882,2.52,3.22
1883,4.78,2.6
1884,-8.86,-11.07
1885,-6.51,-6.59
1886,-5.49,-6.24
1887,0.46,1.96
1888,-3.04,-3.01
1889,-13.47,-13.84
1890,-11.21,-10.87
1891,-11.67,-13.14
1892,-0.92,0.81
1893,3.7,3.85
1895,-11.57,-11.23
1896,-17.74,-16.21
1897,-18.13,-17.31
1898,-12.59,-12.19
1899,-13.47,-13.76
1900,-13.63,-14.35
1901,-45.38,-45.5
1902,-24.1,-22.92
1903,-19.97,-19.17
1904,-21.9,-22.41
1905,-34.38,-33.58
1906,-11.41,-12.86
1907,-0.33,-0.24
1908,-1.65,-0.0799999999999998
1909,-18.95,-20.19
1910,-23.86,-24.17
1911,-22.36,-23.01
1912,-25.15,-26.07
1913,-22.8,-21.6
1914,-39.68,-39.26
1915,-25.27,-25.57
1916,9.8,9.76
1920,-6.41,-6.59
1921,-0.82,-0.48
1922,-7.72,-6.89
1923,-5.63,-5.61
1924,-14.34,-15.64
1927,2.06,1.73
1928,-7.6,-7.42
1929,13.42,13.11
1930,0.48,0.84
1931,-17.07,-17.89
1932,6.58,6.96
1935,1.07,1.15
1936,2.53,4.08
1937,-17.22,-17.83
1938,-6.05,-7.23
1939,13.78,12.84
1940,-1.73,-2.27
1941,1.05,1.26
1942,-1.81,-2.26
1945,-32.28,-31.19
1946,2.69,2.63
1947,7.48,7.49
1948,5.51,6.31
1950,-5.8,-6.25
1951,-5.12,-4.85
1952,12.86,12.16
1954,-9.6,-9.92
1955,-9.97,-9.72
1956,1.03,1.4
1957,-2.03,-2.09
1958,-25.54,-24.89
1959,-5.4,-4.9
1960,-31.2,-30.2
1964,6.34,7.05
1965,25.8,25.97
1966,-4.92,-3.58
1967,5.65,4.92
1969,8.04,7.29
1970,35.97,36.58
1971,27.25,27.48
1973,-1.08,-1.28
1974,10.98,11.18
1976,5.05,5.5
1977,-8.74,-8.49
1980,7.34,6.91
1981,-20.26,-18.64
1982,-36.35,-35.26
1984,-7.95,-7.67
1985,6.21,6.71
1986,6.64,8.78
1987,27.62,28.6
1988,27.71,28.38
1990,-4.1,-3.38
1991,-3.01,-0.33
1992,-18.41,-17.94
1993,1.87,3.48
1994,-24.67,-24.03
1996,18.85,18.11
1997,41.36,41.08
1998,62.31,61.59
2000,9.69,9.77
2001,32.14,31.6
2002,8.43,8.15
2004,24.96,24.57
2005,-6.27,-8.05
2006,0.54,-0.34
2007,-2.35,-1.54
2008,8.07,6.19
2009,5.11,5.29
2010,0.15,-1.21
2011,22.28,22.23
2012,-3.74,-3.39
2014,-15.66,-15.41
2016,-23.12,-23.62
2017,-30.83,-30.87
2018,-7.41,-8.96
2019,-37.6,-36.36
2021,-1.35,0.02
2023,23.2,23.87
2024,22.46,21.09
2025,-6.59,-5.18
2026,-8.7,-9.19
2027,3.27,3.48
2028,9.67,9.85
2029,9.21,9.45
2030,1.59,1.62
2031,26.63,26.64
2032,1.45,1.3
2033,10.16,9.99
2034,29.58,30.42
2036,7.04,7.46
2038,-0.26,0.24
2039,27.79,28.11
2041,7.8,7.34
2042,14.43,14.66
2043,6.14,5.5
2045,3.71,4.01
2046,12.22,12.26
2047,31.89,32.05
2048,12.25,11.69
2049,9.68,9.71
2051,29.21,29.08
2052,1.35,1.66
2053,8.16,7.61
2054,-0.39,-0.67
2055,25.62,26.65
2056,-2.28,-1.65
2057,0.94,0.84
2058,5.16,5.08
2059,13.91,14
2060,40.43,39.75
2061,15.93,16.94
2063,38.52,38.94
2064,33.53,33.76
2065,38.09,38.58
2066,58.23,59.26
2067,10.99,11.04
2068,10.46,10.8
2069,10.66,11.09
2070,12.06,12.25
2072,9.55,9.03
2073,0.79,0.56
2074,32.66,32.69
2075,29.07,30.16
2076,11.28,11.6
2077,11.79,12.31
2078,3.04,3.9
2079,31.36,31.72
2080,-10.46,-10.51
2082,-16.85,-17.07
2083,-16.62,-17.12
2084,-10.04,-10.68
2085,13.69,13.53
2086,6.28,5.12
2087,-14.53,-14.68
2088,-14.27,-14.09
2089,6.6,6.29
2090,-21.93,-21.69
2092,39.5,39.27
2093,26.92,26.43
2095,29.78,29.9
2097,-3.81,-4.04
2098,-19.29,-18.57
2099,-4.95,-5.19
2100,-7.5,-6.06
2101,-24.37,-24.08
2102,3.89,3.01
2104,-21.61,-22.59
2105,-1.04,-1.48
2106,-20.24,-20
2107,-5.68,-6.12
2108,-9.34,-8.88
2109,-22.62,-22.88
2110,20.26,19.99
2111,0.93,0.37
2112,-7.13,-6.82
2113,-23.24,-23.94
2114,-4.42,-4.9
2115,-1.56,-1.67
2116,-21.33,-22.25
2117,1.31,0.93
2118,-19.85,-19.44
2119,-7.81,-6.68
2120,20.18,19.42
2121,1.38,1.24
2122,-23.44,-24.22
2123,-20.31,-20.06
2124,1.49,2.34
2125,0.67,0.45
2126,-21.71,-20.87
2127,-11.33,-11.61
2128,-5.46,-6.38
2130,-28.64,-27.69
2131,-23.95,-25.22
2132,-23.06,-22.4
2133,-12.86,-13.31
2135,0.22,0.13
2136,-5.13,-5.5
2137,-25.22,-26.2
2138,-5.3,-5.03
2139,-24.72,-24.74
2140,-11.76,-11.69
2141,-16.36,-16.4
2142,-31.91,-31.89
2143,14.74,14.59
2144,-4.89,-4.6
2145,-15.21,-15.48
2146,-31.38,-32.28
2147,-21.85,-22.03
2148,-0.83,0.26
2149,13.44,13.52
2150,18.25,18.51
2151,-0.56,-1.03
2152,18.93,18.59
2153,2.13,1.1
2154,11.76,12.35
2155,9.35,10.28
2156,-2.95,-3.06
2157,37.05,37.85
2158,19.13,20.51
2159,10.07,10.68
2160,-5.09,-4.48
2161,-3.76,-4.01
2162,-5.86,-5.56
2163,-25.32,-24.98
2164,-5.97,-5.21
2165,-22.13,-23.3
2166,-3.87,-4.24
2167,-6.56,-5.65
2169,-25.73,-24.83
2170,-21.27,-21.62
2173,-27.6,-26.97
2174,-13.46,-14.11
2175,-31.79,-31.77
2176,-13.48,-12.86
2177,-31.68,-31.36
2178,2.06,1.61
2179,-10.81,-11.65
2180,-31.87,-31.19
2181,13.51,13.63
2182,12.99,13.33
2183,-1.45,-2.57
2184,-3.79,-4.07
2185,-23.93,-25.03
2186,-4.99,-5.16
2188,-11.6,-11.88
2189,-16.67,-16.79
2190,-31.46,-31.29
2191,15.82,15.34
2192,-3.83,-4.32
2193,-14.01,-13.59
2194,-30.1,-30.97
2195,-5.21,-5.07
2197,0.33,0.56
2198,-6.2,-6.82
2199,-8.93,-8.86
2201,21.07,20.95
2202,-6.81,-6.81
2203,7.03,7.6
2204,-16.41,-15.17
2205,6.34,7.45
2206,13.07,13.31
2207,-13.91,-13.21
2208,9.48,8.96
2211,14.71,14.76
2212,-12.89,-10.99
2213,7.52,6.68
2214,-16.58,-15.56
2215,2.75,2.24
2216,-22.27,-20.92
2217,1.78,2.45
2218,4.89,4.74
2219,-21.47,-20.94
2220,7.98,7.42
2221,11.92,11.69
2222,31.46,32.49
2223,27.45,28
2224,31.66,32.27
2225,4.54,4.4
2226,9.26,9.97
2227,-15.28,-15.08
2228,8.29,8.17
2229,-15.16,-13.69
2230,10.9,10.91
2231,5.02,5.25
2232,-21.09,-20.15
2233,3.88,4.71
2234,31.32,31.84
2235,5.15,6.48
2236,2.75,3.02
2237,6.45,6.01
2238,-19.49,-19.18
2239,10.1,9.89
2240,18.92,18.67
2241,38.45,38.78
2243,15.68,15.92
2244,16.15,16.5
2245,8.12,7.77
2246,7.09,7.67
2247,38.15,38.47
2248,36.6,37.16
2249,7.25,6.79
2250,-7.03,-7.18
2251,6.3,6.4
2252,1.44,1.08
2253,23.04,22.12
2254,2.87,3.29
2257,2.56,3.82
2258,23.69,24.16
2259,1.2,1.99
2260,22.18,22.38
2261,6.34,7.28
2262,-4.76,-5.91
2263,13.42,13.42
2264,-4.8,-4.92
2265,16.21,15.15
2267,27.94,27.57
2269,-0.97,-0.14
2270,-3.12,-3.08
2271,17.49,17.36
2272,22.01,22.62
2273,44.59,45.09
2274,23.77,23.25
2275,-15.15,-15.04
2276,-7.57,-7.13
2277,14.97,14.58
2278,-2.44,-3.31
2279,-4.81,-4.78
2280,-3.51,-3.68
2281,15.96,16.57
2282,-13.85,-13.74
2283,-3.2,-2.94
2284,17.08,17.35
2285,-1.34,-1.55
2287,-2.36,-2.37
2288,-1.14,-1.82
2289,-22.58,-22.63
2290,-2.82,-3.21
2292,-7.63,-7.28
2293,-31.65,-32.75
2294,2.3,2.85
2296,-3.05,-3.19
2297,0.78,-0.59
2298,-4.16,-4.09
2299,-34.28,-32.19
2300,-8.66,-8.83
2301,-14.36,-14.94
2303,-6.21,-5.23
2304,-6.4,-6.71
2305,-12.32,-13.44
2306,-38.41,-37.13
2307,16.59,17.51
2308,17.08,16.65
2309,-6.45,-5.19
2310,-7.35,-7.82
2311,-23.83,-22.85
2312,-9.22,-8.32
2313,-13.15,-13.22
2314,-34.5,-35.25
2315,-3.62,-3.04
2316,-6.22,-6.36
2317,-10.85,-10.89
2318,16.33,15.01
2319,21.94,20.19
2320,9.8,8.65
2322,9.11,8.2
2323,18.65,18.11
2324,10.14,10.19
2325,6.84,5.64
2326,5.86,3.96
2327,11.55,10.93
2329,39.44,39.72
2330,7.26,7.87
2331,3.88,2.58
2332,10.86,10.26
2333,1.52,1.54
2334,10.87,10.96
2335,7.03,5.21
2336,-14.85,-13.31
2337,13.41,13.38
2338,6.32,5.88
2339,2.82,2.55
2340,5.33,4.7
2341,14.36,14.05
2342,36.15,35.43
2343,2.22,2.06
2344,6.97,6.68
2346,-8.07,-7.98
2347,37.73,37.63
2348,4.74,5.08
2349,0.11,0.09
2350,-15.79,-15.14
2351,2.46,2.15
2352,2.14,2.51
2353,2.52,1.32
2354,8.2,7.3
2355,-6.75,-6.85
2356,10.63,10.17
2357,8.74,8.73
2359,11.08,10.91
2360,32.95,32.41
2361,55.15,54.52
2362,-7.74,-7.22
2363,12.51,11.66
2364,-10.82,-10.83
2365,-0.05,-0.05
2367,-23.95,-23.31
2368,-0.8,-1.7
2369,20.97,21.18
2370,-5.5,-5.73
2371,-3.43,-3.1
2372,15.88,15.87
2373,-5.68,-5.57
2374,-13.66,-12.89
2375,-6.55,-6.86
2377,-4.7,-4.5
2379,1.2,0.96
2380,20.85,20.8
2381,-1.89,-2.38
2382,-9.11,-9.2
2383,2.01,1.7
2384,23.78,23.09
2385,0.56,-0.0299999999999999
2387,14.5,15.48
2388,-2.79,-2.69
2389,-11.17,-9.93
2390,-10.22,-10.73
2392,-8.12,-8.26
2393,-7.78,-8.53
2394,-18.15,-18.68
2395,-19.28,-19.61
2396,-4.31,-5.97
2397,3.6,3.14
2398,-5.35,-4.97
2399,-27.85,-27.67
2402,-6.09,-6.55
2403,-15.69,-15.78
2404,-17.12,-17.52
2405,-3.9,-4.29
2406,14.29,9.56
2407,-0.37,0.39
2408,-6.05,-7.1
2410,17.02,14.47
2412,-30.14,-29.87
2413,32.22,34.21
2414,12.49,14.13
2415,57.32,60.06
2416,22.66,22.71
2417,-0.58,-0.72
2419,26.42,25.91
2420,5.27,7.83
2421,34.82,35.2
2423,6.27,5.56
2424,1.96,-0.85
2425,14.67,12.29
2426,-8.12,-9.94
2427,-9.87,-11.54
2428,33.19,33.07
2429,9.29,8.92
2430,4.97,4.37
2431,14.57,14.32
2432,37.09,36.44
2433,14.44,13.94
2434,-1.25,-2.46
2435,0.79,0.53
2436,5.64,6.03
2437,-27.99,-29.09
2439,-13.16,-13.32
2440,-5.06,-5.29
2442,-23.87,-23.78
2445,-32.16,-31.57
2446,-23.36,-23.27
2447,-8.31,-9.12
2448,10.13,10.02
2449,-15.63,-15.23
2450,5.05,5.18
2451,-0.18,-0.07
2453,8.92,8.73
2454,2.5,1.63
2455,-3.04,-3.24
2456,-0.13,-0.21
2457,3.99,3.83
2459,8.01,8.94
2460,14.71,14.8
2461,14.54,14.63
2462,8.59,8.88
2463,7.39,7.37
2464,5.24,3.98
2466,1.64,1.9
2467,11.1,11.04
2469,10.41,10.78
2470,2.04,2.11
2471,22.17,22.78
2472,46.09,46.12
2473,-6.9,-7.1
2474,-1.25,0.15
2475,21.66,21.6
2476,0.26,1.12
2477,20.05,20.46
2479,-6.14,-4.85
2480,15.95,14.47
2481,20.13,20.41
2482,39.76,40.43
2483,-7.74,-7.29
2484,-5.25,-5.14
2485,14,14.24
2486,-2.14,-3.6
2487,6.33,6.17
2488,26.23,25.99
2489,-1.67,-3.56
2490,-8.77,-9.1
2491,-10.98,-10.68
2492,-0.56,-0.66
2493,19.27,19.5
2495,-9.13,-9.46
2496,-1.89,-2.11
2497,18.98,18.76
2498,1.8,1.27
2499,21.36,21.18
2500,1.5,1.35
2501,3.94,6.37
2502,-6.47,-7.46
2503,-27.69,-24.82
2505,1.28,1.39
2506,-6.42,-5.93
2507,-12.13,-10.11
2508,23.4,23.53
2509,-7.35,-6.77
2510,-2.65,-3.17
2511,6.76,6.99
2512,-8.52,-10.23
2513,-13.05,-12.31
2514,-7.55,-8.72
2515,-18.59,-20.12
2517,-19.97,-19.7
2518,-2.73,-2.49
2519,-18.04,-18.69
2520,6.93,7.3
2521,-9.76,-9.15
2522,-3.56,-3.69
2523,17.1,13.69
2524,14.86,15.28
2525,12.65,15.31
2527,-1.43,-1.78
2528,23,23.5
2529,-1.32,-1.75
2530,17.78,18.14
2531,0.5,1.93
2532,24.56,22.41
2533,3.35,4.11
2534,-2.78,-3.01
2535,19.18,18.61
2536,-3.99,-2.72
2537,-4.67,-5.01
2538,13,11.52
2540,-15.14,-14.64
2541,-7.81,-7.66
2542,16.85,18.14
2543,-13.51,-14.02
2545,-19.5,-19.97
2546,-19.84,-18.88
2547,22.34,22.18
2549,-1.99,-0.94
2550,23.86,23.61
2551,-0.5,-0.98
2552,17.13,16.58
2553,-2.04,-2.19
2554,7.51,5.91
2555,32.78,31.24
2556,6.03,5.32
2557,18.14,17.74
2558,40.11,40.15
2559,-7.2,-5.56
2560,14.19,15.57
2561,34.6,36.65
2562,19.44,19.22
2563,41.33,40.13
2564,9.35,9.1
2566,14.33,14.36
2567,38.9,37.59
2568,-3.08,-4.58
2569,1.66,0.79
2570,-24.43,-24.11
2571,-0.56,0.83
2572,3.18,2.01
2573,1.67,-0.88
2574,23.99,30.2
2576,2.56,2.7
2577,7.52,9.63
2578,13.32,12.45
2579,24.36,24.95
2580,33.68,33.57
2581,14.75,13.93
2582,17.14,17.19
2583,37.17,37.73
2584,16.24,15.62
2585,14.46,14.69
2587,6.23,4.25
2588,5.42,7.54
2589,6.4,10.58
2591,35.09,34.33
2592,0.79,0.69
2593,11.59,11.79
2594,33.7,33.22
2595,11.28,11.43
2596,-4.07,-5.83
2597,-4.91,-5.42
2598,1.2,1.93
2599,-22.97,-24.44
2600,-17.54,-16.6
2602,-21.97,-23.58
2603,-14.47,-15.06
2604,-7.34,-7.54
2605,1.95,2.71
2606,-7.39,-8.47
2608,4.89,2.97
2609,4.53,3.65
2610,-5.21,-4.35
2611,-0.76,-0.67
2612,-19.35,-19.77
2613,-10.91,-10.42
2614,7.73,11.55
2616,-7.69,-4.93
2617,-15.6,-15.58
2618,-19.35,-21.7
2619,-1.14,-0.0899999999999999
2620,0.46,-2.36
2621,-13.78,-13.93
2623,4,4.13
2624,15.47,15.6
2626,15.03,14.99
2627,11.96,11.9
2629,19.29,20.45
2631,6.66,6.55
2632,5.07,5.37
2633,8.51,8.75
2635,14.22,14.52
2636,-14.29,-14.81
2637,1.97,2.19
2638,-0.4,-0.59
2641,-7.76,-7.87
2643,-10.64,-10.71
2644,-13.67,-13.81
2646,-2.57,-0.31
2647,15.71,13.4
2648,10.6,11.01
2650,14.8,13.59
2651,14.31,12.65
2652,19.7,19.3
2653,-13.21,-11.49
2654,7.47,7.81
2655,16.74,17.38
2656,18.8,19.54
2657,5.57,5.24
2658,6.86,4.43
2659,13.23,10.29
2660,5.93,5.75
2661,15.31,13.44
2662,13.71,14.47
2663,21.96,22.17
2664,17.32,17.51
2665,21.37,19.27
2666,13.79,14.07
2667,13.27,11.64
2668,9.89,9.86
2669,13.15,12.71
2670,7,7.65
2671,18.17,17.87
2672,21.93,22.24
2673,15.66,15.7
2674,-2.2,-4.24
2675,2.88,2.79
2676,7.64,7.37
2677,27.11,26.95
2678,10.57,11.94
2679,32.74,33.32
2680,-0.22,-0.42
2681,22.13,22.21
2682,-0.59,0.0800000000000001
2684,-1.49,-1.09
2685,18.75,19.67
2686,1.97,1.42
2687,21.04,21.41
2688,57.03,57.36
2689,0.1,0.08
2690,6.29,7.22
2691,28.41,28.56
2692,6.24,7.71
2693,29.11,28.51
2694,-0.89,-0.16
2695,-9.2,-9.32
2696,2.71,2.24
2697,22.38,22.26
2698,28.26,27.92
2700,1.33,1.14
2701,-5.94,-6.25
2702,0.94,0.65
2703,18.7,19.09
2704,3.78,3.64
2705,23.27,23.05
2706,3.32,3.48
2707,-3.54,-6.52
2708,6.41,6.48
2711,2.68,2.73
2712,24.06,23.09
2713,-17.93,-18.66
2714,-6.36,-6.68
2715,1.97,2.39
2716,-19.92,-21.4
2717,-2.18,-2.78
2718,-16.94,-18.07
2719,-1.93,-1.89
2720,-18.42,-18.39
2722,9.89,10.31
2724,8.15,9.91
2725,-10.04,-10.31
2726,0.77,1.57
2727,-4.56,-2.85
2728,-16.98,-17.25
2729,31.51,31.29
2730,12.74,12.69
2731,-0.17,0.63
2732,-18.07,-18.02
2733,8.88,9.46
2734,27.43,20.59
2735,49.2,44.78
2736,0.13,0.98
2737,7.1,7.48
2738,24,24.18
2739,12.2,14.98
2740,-1.01,-2.54
2741,-3.04,-4.01
2742,1.59,0.34
2743,24.38,24.03
2744,9.75,10.47
2745,28.84,28.61
2748,12.71,12.91
2749,-12.96,-12.3
2751,-16.45,-16.89
2752,9.06,7.2
2753,10.65,12.99
2754,6.86,7.11
2755,7.57,8.07
2756,7.67,8.74
2757,-0.68,0.45
2758,-0.59,1.25
2759,-9.45,-8.96
2761,1.46,1.75
2762,23.02,23.67
2765,19.52,16.46
2766,43.86,39.31
2767,-8.8,-9.04
2768,-15.23,-16.6
2769,-9.59,-9.97
2770,13.02,14.11
2771,-5.99,-5.44
2772,14.66,14.82
2773,28.18,28.26
2774,-15.38,-15.69
2775,5.9,0.96
2776,-24.08,-22.59
2777,-8.53,-8.56
2778,-20.38,-20.72
2779,58.5,59.29
2780,20.62,20.84
2781,0.45,0.17
2782,-2.29,-0.22
2783,6.62,3.31
2784,14.09,10.36
2785,23.26,21.34
2786,27.92,27.75
2787,20.76,19.25
2788,30.86,29.04
2789,25.36,25.29
2790,37.39,36.85
2791,41.25,41.16
2792,13.07,13.86
2793,36.9,36.58
2794,13.45,14.1
2797,35.38,35.6
2799,40.55,41.17
2800,-0.89,-1.03
2802,1.72,2.65
2804,1.55,1.83
2806,0.33,-2.15
2807,12.19,12.74
2808,-7.39,-6.9
2810,-9.18,-7.84
2811,4.1,5.28
2812,9.12,11.14
2813,0.37,1.31
2814,4.46,5.08
2816,-5.02,-2.69
2817,8.6,10.4
2818,-6.61,-6.68
2820,6.79,7.52
2822,5.98,7.2
2824,16.82,17.4
2825,16.29,15.18
2826,26.27,26.91
2827,21.83,22.31
2828,10.32,11.02
2830,30.71,31.61
2831,-5.96,-3.42
2832,9.62,9.72
2833,-5.56,-6.12
2834,-10.86,-10.34
2835,7.49,6.86
2836,2.46,2.45
2837,4.5,4.01
2838,25.74,23.87
2839,7.24,6.89
2840,26.2,25.15
2841,4.95,5.47
2842,24.64,25.46
2844,0.4,0.96
2845,-5.27,-3.4
2846,-0.93,-2.47
2847,-2.51,-2.75
2848,8.58,13.99
2849,-6.02,-5.92
2850,-10.85,-10.87
2851,-13.34,-13.02
2852,-14.78,-16.4
2853,-8.67,-8.8
2856,-10.17,-11.35
2858,-10.75,-10.26
2860,-14.96,-14.62
2861,-18.57,-18.06
2863,-26.89,-29.14
2864,-17.74,-21.95
2865,-25.62,-24.94
2867,-12.82,-14.57
2868,-14.93,-15.04
2869,6.44,7.13
2871,-14.56,-13.59
2872,-7.57,-8.71
2873,12.28,14.22
2874,15.83,18.94
2875,37.05,39.79
2876,16.31,16.33
2877,35.42,33.77
2878,18.25,15.93
2879,38.61,35.66
2881,-0.89,-0.19
2882,-5.24,-5.3
2884,-12.97,-13.34
2885,-22.86,-22.8
2886,11.07,10.82
2887,31.43,30.59
2888,10.04,9.33
2889,-23.64,-23.1
2890,4.53,3.9
2891,-19.05,-19.7
2892,-38.05,-39.68
2893,-34.76,-34.75
2894,-31.88,-34.17
2895,-30.68,-31.73
2896,-25.97,-26.57
2897,-31.48,-31.09
2898,-31.44,-31.42
2899,-13.55,-14.05
2901,-9.81,-11.09
2902,-9.78,-9.98
2903,-13.65,-13.44
2905,-9.19,-10.93
2906,-25.14,-26.15
2907,-43.28,-43.11
2908,-23.06,-23.16
2909,-8.02,-7.85
2911,-21.14,-20.54
2913,6.65,5.46
2914,-44.73,-42.88
2915,-23.17,-21.97
2917,-11.87,-10.7
2918,-27.43,-26.49
2919,8.55,7.6
2920,-27.45,-26.53
2921,-46.18,-44.12
2922,-8.76,-8.59
2924,-36.29,-33.58
2925,16.23,16.41
2927,-10.57,-10.89
2929,3.63,4.78
2930,-2.17,-1.31
2931,-26.17,-27.61
2932,-43.47,-45.94
2933,-13.44,-13.64
2934,-12.5,-14.19
2935,11.73,11.71
2938,10.15,9.98
2940,12.32,12.58
2942,9.35,9.62
2943,4.89,4.56
2944,-15.05,-15.44
2945,-8.51,-8.51
2946,11.15,11.19
2947,10.17,9.83
2948,32.41,32.35
2949,11.47,11.37
2950,9.96,10.03
2951,30.87,30.19
2952,13.51,13.13
2953,-6.77,-6.41
2955,23.16,23.72
2956,18.59,18.82
2957,41.43,41.65
2958,19.56,19.76
2959,17.61,17.83
2960,41.75,41.79
2961,4.29,3.89
2962,26.22,26.17
2963,24.2,23.79
2965,5.17,5.36
2967,4.03,3.62
2968,24.63,24.1
2969,5.76,4.76
2970,25.79,25.34
2971,49.87,48.72
2972,25.77,25.21
2973,47.74,46.93
2976,1.26,1.97
2977,22.6,22.17
2978,20.63,20.69
2979,39.96,40.45
2980,-1.53,-1.83
2981,18.11,17.63
2983,-30.62,-29.29
2984,-6.62,-5.76
2985,-40.41,-37.08
2986,-17.86,-17.39
2987,3.26,-0.0500000000000003
2988,-19.45,-19.68
2990,2.81,2.66
2991,23.94,23.96
2993,39.4,39.18
2995,5.36,7.6
2996,3.95,2.69
2997,4.2,3.57
2999,5.33,5.67
3000,25.79,26.36
3003,13.97,13.89
3004,-2.74,-3.28
3006,-1.13,-2.06
3007,8.4,8.13
3008,1.74,2.11
3009,21.12,20.98
3010,10.62,9.82
3011,31.3,30.73
3012,-23.24,-21.64
3014,21.31,23.9
3015,38.16,38.32
3017,-27.92,-26.75
3021,-1.78,-2.43
3022,-7.48,-9.5
3025,16.76,15.56
3026,14.32,15.45
3027,-9.2,-9.68
3028,13.81,13.8
3029,-5.2,-3.96
3030,16.12,14.69
3031,16.84,15.95
3032,37.19,37.12
3033,-10.14,-10.34
3034,9.74,9.94
3035,-22.13,-22.33
3036,-23.81,-23.23
3037,-23.62,-23.04
3040,-30.95,-29.6
3041,-5.81,-4.06
3042,3.35,0.92
3043,0.62,1.81
3044,-0.71,0.83
3045,17.28,17.25
3046,21.55,21.16
3048,40.26,41.18
3049,61.48,59.8
3051,36.19,36.29
3052,17.03,16.16
3053,39.4,39.79
3055,58.43,59.77
3056,15.54,15.18
3057,35.47,35.84
3058,18.41,16.71
3059,-1.4,-5.56
3060,6.91,9.31
3062,25.09,20.39
3063,33.34,30.37
3064,18.28,22.87
3068,2.61,5
3070,19.24,18.66
3072,26.29,25.75
3074,1.44,-0.31
3075,-0.12,-0.83
3077,-7.94,-7.19
3078,17.58,19.46
3079,-3.07,-6.76
3081,6.74,4.9
3086,-5.52,-6.45
3087,2.91,4.01
3088,-18.33,-16.87
3090,13.73,13.86
3091,-7.17,-8.67
3092,0,1.18
3094,32.46,31.84
3095,-7.09,-5.37
3096,-10.58,-10.3
3097,-11.26,-10.38
3098,-12.71,-14.65
3099,-6.26,-3.37
3100,-3.16,-3.01
3101,16.92,16.57
3102,24.76,24.68
3104,-10.78,-6.49
3105,-1.67,-1.87
3106,0.05,1.95
3107,15.08,9.86
3108,8.77,8.36
3109,-7.64,-7.38
3110,3.6,5.83
3111,-0.93,1.67
3113,-0.77,-1.79
3114,27.1,27.24
3116,-16.76,-16.05
3117,5.83,2.21
3120,-2.58,-2.57
3121,-3.57,-4.83
3122,6.12,4.46
3123,-10.68,-10.65
3126,26.68,26.48
3127,-4.24,-5.84
3128,4.39,2.06
3130,7.61,8.37
3135,-2.37,-5.32
3136,-6.21,-3.74
3137,-0.98,1.41
3138,8.1,9.15
3140,-1.74,-5.33
3141,6.8,4.91
3142,-14.75,-12.8
3143,-3.7,-2.84
3144,-5.88,-6.89
3147,-1.33,-1.07
3148,-6.41,-4.78
3149,-1.37,-0.29
3150,0.98,1.68
3151,-1.54,-1.8
3152,-0.12,0.01
3154,-3.74,-3.63
3156,1.45,-1.43
3157,9.66,7.44
3158,18.2,19.02
3159,16.21,14.88
3160,-0.12,-0.08
3161,-2.1,-2.7
3162,-18.43,-18.34
3163,-8.34,-7.8
3164,-25.71,-25.67
3166,3.16,2.81
3167,-14.44,-14.42
3168,-1.81,-4.08
3169,9.08,8.77
3171,-2.33,-2.43
3172,0.92,1.65
3173,-2.08,-4.43
3174,-10.96,-8.42
3175,-2.25,1.53
3176,-2.35,-2.55
3177,-3.74,-3.37
3178,-0.92,-1.33
3179,-4.62,-6.03
3181,-0.42,-0.22
3183,-11.68,-10.73
3185,-10.15,-10.77
3186,-13.05,-13.86
3187,-11.15,-9.61
3188,-2.64,-1.74
3189,6.3,4.88
3191,-0.08,0.36
3192,-24.25,-25.13
3194,-28.51,-27.86
3196,-20.84,-21.82
3197,-13.25,-13.81
3198,-25.04,-21.58
3199,-38.1,-37.06
3200,-8.89,-8.89
3201,-20.66,-23.37
3202,-18.8,-19.14
3203,-31.31,-30.88
3204,-17.78,-15.93
3205,-35.24,-34.29
3206,-7.85,-7.43
3207,-19.3,-20.98
3208,-38.55,-37.66
3209,-31.9,-32.05
3210,-20.56,-20.35
3211,-15.61,-14.49
3213,-12.12,-11.93
3214,-12.63,-12.33
3215,-20.67,-21.92
3216,-14.1,-16.25
3217,-14.49,-15.69
3219,-14.53,-15.07
3220,-22.3,-23.63
3221,-19.06,-18.33
3222,-12.92,-14.76
3223,-20.1,-19.19
3224,-11.71,-12.8
3225,-17.24,-16.61
3227,-19.87,-20.93
3229,-22.67,-23.02
3230,-20.37,-19.99
3232,-29.18,-29.64
3233,-14.15,-14.16
3234,-13.44,-13.2
3236,-14.55,-14.66
3237,-33.52,-34.14
3238,-21.08,-21.58
3239,-18.41,-19.17
3240,-20.3,-20.72
3241,-7.92,-7.74
3242,-8.39,-6.65
3243,-2.96,-3.51
3244,-38.09,-37.2
3245,-23.65,-24.13
3247,-39.13,-38.72
3248,-41.83,-42.66
3249,-36.55,-35.69
3250,3.07,4.17
3251,-46.87,-47.44
3252,4.3,2.88
3253,27.5,27.06
3254,4.42,3.2
3255,27.61,27.08
3256,-4.95,-4.55
3257,-4.21,-3.5
3258,-29.44,-28.8
3259,-20.16,-20.3
3260,-8.98,-9.85
3261,-14.74,-14.53
3262,-10.4,-10.44
3264,-6.24,-4.68
3265,-16.49,-15.81
3267,-33.61,-34.8
3268,-35.96,-38.29
3270,4.5,2.99
3271,-31.65,-33.94
3273,-13.17,-15.98
3274,-4.13,-2.14
3275,-11.64,-15.13
3276,-44.84,-44.55
3278,-13.46,-13.38
3280,-30.55,-30.96
3281,-13.96,-15.29
3282,-14.28,-14.23
3283,-18.22,-18.52
3284,-38.14,-38.58
3285,-25.15,-23.19
3286,-20.5,-19.1
3287,-12.67,-12.66
3288,-12.04,-13.78
3289,-14.17,-12.42
3292,-34.66,-33.39
3293,-17.98,-15.87
3294,-17.09,-18.25
3295,-21.57,-21.91
3296,-12.04,-12.34
3297,-7,-6.16
3298,-19.15,-21.29
3299,-11.28,-11.72
3300,-9.08,-8.31
3301,-14.14,-13.08
3302,-14.38,-14.9
3303,3.29,3.63
3304,-26.12,-25.65
3305,-15.67,-14.74
3306,-42.19,-41.94
3307,15.52,14.72
3308,23.16,21.96
3309,-6.46,-8.75
3310,10.59,10.49
3311,29.88,29.32
3313,8.25,7.79
3314,27.67,27.74
3315,-5.74,-6.08
3316,7.44,6.14
3317,30.62,30.54
3319,2.53,2.11
3320,-1.72,-4.03
3321,6.31,6
3322,2.8,2.95
3324,-1.12,-1.17
3326,7.26,5.41
3327,0.64,-3.17
3328,-27.83,-27.32
3329,-17.69,-17.33
3330,-1.53,-3.32
3331,-11.82,-13.85
3332,-14.45,-14.38
3333,-9.26,-9.95
3334,-19.57,-20.45
3335,-13.01,-12.9
3336,-14.92,-15.67
3337,-11.29,-10
3338,-1.38,0.17
3340,5.86,5.99
3341,-1.05,-0.23
3342,-12.88,-12.63
3344,-29.78,-29.22
3345,-7.92,-9.75
3346,-5.86,-7.37
3347,-7.07,-8.18
3348,-18.3,-19.14
3350,-11.76,-13.63
3351,-10.84,-11.98
3353,-4.27,-4.84
3354,-17.6,-18.73
3355,-16.38,-16
3356,-19.8,-20.83
3357,-17.52,-17.09
3358,-12.56,-13
3359,-6.95,-8.79
3360,0.29,-0.83
3361,2.43,-0.39
3362,-7,-10.01
3363,2.59,-0.0900000000000003
3365,-10.59,-9.18
3366,2.53,2.69
3367,-6.63,-9.25
3368,-16.21,-16.54
3369,-24.11,-22.72
3370,-12.85,-11.13
3371,-1.71,-1.92
3372,-34.08,-36.93
3373,-8.72,-7.84
3374,-38.92,-40.98
3376,-44.24,-43.68
3377,13.1,13.94
3378,23.46,22.77
3379,4.36,4.33
3380,8.5,8.76
3381,29.2,29.05
3382,5.88,6
3384,-9.13,-9.14
3385,-2.97,-2.42
3386,-0.95,-1.83
3387,4.1,2.92
3388,6.33,3.94
3389,-3.76,-4.21
3390,6.91,6.45
3393,3.38,3.55
3394,-1.06,1.12
3395,-0.73,0.32
3396,-2.87,-4.31
3397,-7.36,-6.32
3398,-2.16,-2.91
3399,1.75,1.46
3400,7.98,4.82
3401,-8.71,-8.7
3402,-16.23,-14.12
3403,-13.14,-14.01
3404,-5.7,-5.41
3405,-14.36,-14.02
3406,-11.7,-13.13
3407,-21.6,-21.68
3408,-13.91,-13.98
3409,-23.02,-22.38
3410,-22.12,-23.52
3411,-7.36,-5.03
3412,-15.29,-18.43
3413,-12.51,-10.48
3414,-1.2,0.98
3415,-11.79,-10.41
3416,-26.19,-26.67
3417,-12.26,-14.09
3419,-12.7,-13.23
3420,-26.12,-28.17
3422,-20.01,-20.04
3423,-20.66,-20.92
3424,-12.68,-13.13
3426,-14.8,-14.48
3427,-14.33,-14.07
3428,-13.59,-14.82
3430,-10.38,-10.52
3431,-12.07,-12.21
3433,-16.3,-16.13
3434,-15.33,-16.62
3435,-4.2,-4.6
3436,-13.71,-12.2
3437,-3.54,-4.04
3438,-33.58,-33.34
3439,-8.73,-8.32
3441,-7.59,-8.23
3442,-11.98,-9.36
3444,-9.51,-9.77
3445,0.02,-0.03
3447,-0.31,-1.37
3448,-10.98,-10.27
3449,9.91,10.36
3450,7.54,6.77
3451,-6.4,-6.61
3454,2.62,3.77
3455,-18.27,-18.2
3456,-27.51,-26.75
3457,-21.44,-22.15
3458,2.63,2.51
3459,-18.26,-19.19
3460,-7.19,-7.41
3461,-9.43,-9.95
3462,-3.04,-1.65
3463,13.65,12.24
3465,18.69,19.73
3466,-15.16,-14.68
3467,-10.51,-11.62
3468,-15.8,-15.45
3469,-4.15,-4.74
3470,-0.53,-0.74
3471,-14.37,-13.56
3472,-4.6,-4.58
3473,-25.12,-24.52
3474,-18.85,-18.28
3476,-15.69,-15.5
3477,-5.97,-7.14
3479,-8.3,-8.37
3480,13.26,11.4
3481,17.86,18
3482,-9.17,-10.38
3483,-9.49,-9.22
3484,1.05,-0.49
3485,-18.01,-17.18
3486,-3.48,-3.44
3487,-21.8,-23.08
3488,-31.7,-31.43
3489,-1.72,-1.13
3490,-3.9,-3.36
3491,-18.97,-21.18
3492,6.64,5.78
3493,-28.71,-29.38
3495,-2.03,-1.91
3496,13.19,12.67
3497,18.34,18.34
3498,-9.8,-10.4
3499,-12.66,-12.19
3500,-0.94,-1.55
3501,-11.62,-9.16
3503,1.95,1.99
3504,2.38,1.65
3506,26.93,26.53
3507,-4.87,-4.67
3508,-4.06,-3.47
3509,5.01,4.54
3510,-1.07,-0.62
3511,16.2,15.47
3512,39.45,39.61
3513,63.55,63.97
3514,-4.41,-3.86
3515,7.81,7.11
3516,30.71,30.98
3517,5.58,5.11
3518,9.34,8.3
3519,-2.1,-3.09
3520,-2.16,-1.95
3521,-3.88,-2.93
3522,3.34,3.91
3523,2.02,1.45
3524,3.27,1.86
3526,0.8,0.69
3527,22.08,21.36
3528,-10.87,-10.54
3529,-6.38,-5.13
3530,-10.39,-10.03
3531,-12.06,-13.09
3532,-0.96,-1.95
3535,30.96,29.92
3536,-4.98,-5.26
3537,3.59,4.46
3538,3.44,2.68
3539,7.95,7.46
3540,9.45,9.02
3541,1.72,0.85
3543,0.6,0.3
3544,9.27,8.74
3545,28.87,29.54
3546,7.25,6.04
3547,6.77,6.8
3548,-1.76,-2.14
3549,-1.98,-2.02
3550,27.91,27.78
3551,-0.6,-0.74
3552,3.6,3.23
3553,12.39,11.47
3554,32.38,32.11
3555,11.89,10.64
3556,10.24,8.7
3557,1.89,1.78
3558,28.08,28.51
3559,-0.75,-0.05
3560,4.99,5.58
3561,-2.79,-2.13
3562,25.7,26.85
3563,-3.53,-3.36
3564,-1.8,-1.9
3565,4.1,4.47
3567,40.54,39.57
3568,15.21,15.49
3570,38.35,38.55
3571,32.67,32.56
3572,37.69,37.08
3573,58.47,58.92
3574,10.85,11.01
3576,9.83,10.11
3577,11.92,11.92
3578,2.74,3.1
3579,8.59,7.6
3581,32.39,32.01
3582,28.26,29.21
3583,10.34,10.07
3584,11.34,11.65
3585,2.12,2.83
3586,30.95,31.49
3588,9.96,11.33
3589,-9.21,-8.86
3590,-8.47,-8.34
3591,-3.72,-4.08
3592,11.67,11.8
3594,-9.88,-8.92
3595,15.75,15
3596,-13.14,-13.36
3597,-5.2,-5.69
3598,-10.58,-11.79
3599,-8.36,-9.49
3600,-9.87,-9.06
3601,-25.23,-24.2
3602,-16.22,-16.58
3603,-2.73,-2.6
3604,-15.83,-16.24
3607,-8.62,-8.9
3608,-12.11,-12.72
3609,-16.75,-15.92
3611,9.89,9.31
3612,-10.19,-11.18
3613,-20.8,-21.03
3615,-5.71,-6.29
3616,-2.82,-2.92
3617,-15.71,-15.41
3619,-9.89,-8.89
3620,-12.34,-11.59
3621,18.71,18.21
3622,10.23,10.14
3623,-22.06,-22.88
3624,-16.01,-16.4
3625,-0.57,-1.18
3627,-20.44,-19.98
3628,-12.84,-12.97
3629,-9.18,-10.26
3630,-7.1,-7.57
3632,-21.91,-22.74
3633,-16.07,-16.23
3634,-15.86,-15.22
3635,-14.2,-14.67
3637,-6.51,-6.61
3638,-19.31,-19.52
3639,-6.83,-6.38
3640,-19.99,-18.36
3641,-13.43,-13.05
3642,-19.66,-18.93
3643,-22.71,-21.46
3644,15.43,16
3645,4.48,4.68
3646,-17.44,-17.12
3647,-29.97,-30.16
3648,-23.17,-23.04
3649,1.35,0.59
3650,-13.72,-12.95
3651,5.07,6.2
3654,4.89,4.62
3656,6.09,7.74
3657,9.91,11.04
3658,6.23,6.93
3659,2.77,3.02
3660,35.69,36.33
3661,28.01,28.92
3663,-2.56,-2.22
3664,1.79,2.81
3665,-6.89,-7.32
3666,-7.45,-7.04
3667,-21.09,-19.27
3668,-8.04,-8.11
3669,-23.29,-23.82
3670,-14.21,-14.18
3671,-7.27,-8.6
3672,-8.82,-9.1
3673,-23.65,-23.03
3675,-19.04,-19.61
3676,-14.24,-13.43
3677,-11.35,-11.86
3678,-5.79,-5.86
3679,-18.53,-18.45
3680,-15.51,-16.55
3681,-25.11,-25.45
3682,-15.76,-15.43
3683,-29.16,-29.6
3684,-22.95,-23.02
3685,-12.62,-12.59
3686,-22.27,-23.14
3687,11.99,12.64
3688,12.63,13.34
3689,-1.49,-1.39
3690,4.26,4.84
3691,-5.18,-5.2
3692,-17.99,-18.15
3693,-6.28,-5.81
3694,-19.24,-18.23
3695,-13.17,-13.29
3696,-19.55,-19.27
3697,-22.28,-22.55
3698,14.25,14.01
3699,5.54,5.34
3700,-16.38,-16.04
3701,-28.51,-28.68
3702,-22.29,-21.97
3703,-3.83,-3.8
3704,4.32,4.56
3705,-3.08,-2.63
3706,2.78,2.93
3707,-5.74,-6.39
3708,-0.9,-1.05
3709,-8.4,-7.84
3710,-6.89,-7.09
3711,24.24,25.19
3713,-4.09,-4.56
3714,-7.1,-7.02
3716,-32.86,-31.07
3717,-33.98,-32.97
3718,-32.28,-29.81
3719,-33.8,-35.66
3720,-41.67,-40.53
3721,-40.52,-39.68
3722,-11.05,-9.52
3723,-14.93,-14.2
3724,-31.95,-32.51
3726,-40,-37.78
3727,-11.05,-10.99
3728,-38.96,-37.46
3729,-6.79,-6.73
3730,13.37,13.01
3731,17.82,17.59
3732,-10.69,-11.18
3733,13.84,13.01
3734,6.97,7.16
3737,-0.89,-0.81
3738,21.51,21.36
3739,-15.51,-16.6
3740,8.5,9.07
3741,0.85,-0.28
3742,22.36,22.43
3743,5.85,5.89
3744,-14.98,-13.96
3745,7.92,9.38
3746,-0.45,-1.49
3747,22.55,22.99
3748,4.62,4.48
3749,9.56,9.73
3750,21.06,21.1
3751,3.07,2.59
3752,6.37,6.48
3753,-5.49,-5.31
3754,-6.92,-8.18
3755,10.82,10.2
3756,-21.41,-20.92
3758,-8.51,-8.7
3760,-4.07,-3.92
3762,7.3,8.02
3763,-4.43,-4.52
3764,16.34,16.05
3765,5.86,7.1
3766,32.18,31.05
3767,21.22,20.89
3768,43.84,43.57
3769,25.95,26.3
3770,6.44,7.11
3771,2.21,2.22
3772,6.54,8.27
3773,-19.2,-18.9
3774,-10.82,-10.73
3775,11.35,11.74
3776,-3.98,-4.15
3777,-6.3,-6.31
3778,-6.17,-6.27
3779,13.51,12.82
3780,-29.3,-29.51
3781,-20.41,-19.27
3782,3.7,3.22
3783,-16.76,-16.36
3784,-6.15,-5.83
3786,-2.03,-1.9
3787,-20.52,-20.45
3788,-17.37,-17.33
3789,-15.85,-18.4
3790,-13.43,-14.92
3791,-17.41,-18.63
3795,-2.23,-1.88
3796,-15.08,-13.66
3797,-18.44,-19.35
3798,-22.96,-24.35
3799,-5.7,-7.02
3800,-11.97,-11.77
3802,-18.05,-16.91
3804,-4.35,-5.95
3805,-13.7,-13.57
3806,-23.2,-22.96
3807,-25.78,-26.81
3808,-26.77,-25.68
3809,-35.54,-35.56
3810,-13.73,-14.16
3811,-22.17,-20.81
3813,-28.33,-28.69
3814,-12.29,-11.38
3815,-20.48,-19.67
3816,-32.06,-32.21
3817,-24.6,-25.25
3818,-18.37,-19.1
3819,7,6.91
3820,0.9,1.38
3821,14.37,13.42
3823,-2.28,-1.62
3824,-22.33,-22.43
3825,-23.14,-23.79
3826,-23.38,-21.76
3827,-15.66,-16.77
3828,-24.09,-24.35
3829,-33.35,-33.62
3830,-9.43,-9.81
3831,-15.04,-14.14
3832,-23.18,-22.7
3833,-27.47,-28.05
3834,-11.7,-12.72
3835,-19.75,-19.89
3836,-30.22,-29.95
3837,-1.69,-0.65
3839,9.22,9.03
3841,-3.68,-3.33
3843,41.98,43.51
3844,15.18,15.95
3845,13.66,14.49
3846,-8.37,-6.93
3847,6.74,5.62
3848,-2.93,-3.04
3849,0.04,-0.16
3850,-16.98,-17.26
3851,-0.34,-0.1
3852,4.11,3.42
3854,0.01,0.27
3855,2.49,1.21
3856,6.37,6.57
3857,-4.97,-5.46
3858,3.77,4.04
3859,-6.71,-7.18
3860,10.25,9.71
3861,14.31,14.29
3862,35.04,33.69
3863,57.46,57.22
3864,5.09,5.47
3865,-4.76,-4.56
3866,4.57,2.63
3867,7.48,7.35
3868,30.11,30.27
3869,-0.73,-1.35
3871,26.5,26.93
3872,-14.15,-14.85
3873,6.82,6.85
3874,-17.12,-15.87
3875,-11.74,-12.41
3877,-12.4,-11.48
3880,23.4,23.75
3881,-2.05,-3.11
3882,17.95,18.28
3883,-8.58,-9.28
3884,-5.05,-5.03
3885,14.4,14.29
3886,-23.66,-22.35
3887,-29.73,-30.37
3888,-24.26,-22.58
3889,-1.43,-1.11
3890,-19.26,-19.93
3892,-9.79,-9.84
3893,-17.27,-16.82
3894,-9.57,-9.01
3896,-7.44,-8.96
3897,10.97,11.11
3898,-1.56,-1.37
3900,23.1,22.48
3901,-3.08,-3.18
3903,-6.61,-6.61
3904,3.78,3.55
3905,26.04,26.56
3906,-1.99,-2.05
3907,-21.13,-21.86
3908,4.24,4.15
3909,2.27,2.51
3910,-29.01,-29.06
3911,-2.28,-2.44
3913,-29.66,-30.8
3914,-5.75,-5.93
3915,-11.15,-11.03
3917,-31.07,-30.46
3918,-4.92,-4.51
3919,-16.12,-16.37
3920,-21.51,-21.08
3921,-40.14,-39.73
3923,-7.44,-7.47
3924,1.14,0.86
3925,-14.1,-15.25
3929,-26.57,-26.74
3930,-35.1,-35.92
3931,-29.59,-31.92
3932,-13.32,-12.78
3933,-15.7,-14.72
3934,-26.96,-26.72
3935,-18.04,-17.57
3936,-7.47,-7.97
3937,-36.55,-36.51
3938,-6.4,-6.51
3939,1.78,1.85
3942,0.39,-0.34
3944,-27.93,-27.47
3945,7.07,7.43
3946,-2.61,-2.16
3947,14.49,13.98
3948,-10.83,-11.56
3949,4.92,5.77
3950,1.98,1.5
3951,9.38,9.27
3952,-17.16,-18.16
3953,-5.14,-6.12
3954,-2.97,-2.84
3955,5.27,5.37
3956,-6.51,-6.97
3957,1.5,0.59
3958,0.93,0.1
3959,15.19,16.35
3960,23,23.8
3961,-4.31,-5.82
3962,6.59,6.08
3963,3.15,3.4
3964,-0.13,0.22
3965,8.66,8.34
3967,-12.67,-12
3968,-1.3,-1.25
3969,17.67,17.93
3970,22.75,23
3973,10.97,11.92
3974,32.59,33.38
3975,9.06,9.53
3976,34.94,32.81
3977,26.75,27.25
3978,-18.5,-18.3
3979,5.43,5.58
3980,-13.71,-11.64
3981,6.93,8.78
3982,-30.31,-28.96
3984,27.08,27.44
3985,-19.57,-19.75
3986,-0.1,0.18
3987,-0.64,-0.42
3988,22.6,23.43
3989,46.89,47.39
3993,-2.87,-2.55
3995,-18.55,-18.25
3996,-8.68,-8.1
3997,13.28,13.14
3998,17.78,17.79
3999,37.63,38.05
4000,-10.27,-11.43
4002,11.96,12.15
4003,5.24,5.77
4004,27.04,26.95
4006,-4.52,-4.97
4007,0.99,1.68
4008,22.33,22.69
4009,-7.05,-6.94
4010,-0.23,0.35
4011,24.75,25.77
4012,-10.14,-9.05
4013,-6,-4.93
4014,-11.5,-10.34
4015,-0.89,-0.36
4016,20.59,20.28
4017,1.13,1.37
4018,-9.02,-9.04
4019,-0.36,-0.62
4020,20.95,22.01
4021,1.41,1.1
4022,21.52,21.5
4023,-3.94,-3.64
4024,-0.2,-0.11
4025,0.95,0.64
4026,-4.79,-5.13
4027,-22.63,-22.64
4028,-16.61,-17.65
4029,-25.34,-25.1
4030,-18,-17.44
4031,-25.74,-23.29
4032,-27.52,-27.36
4035,-36.54,-38.34
4036,-33.15,-32.2
4037,-10.2,-9.55
4038,-14.26,-15.25
4039,-1.97,-2
4040,-13.13,-12.39
4041,-4.02,-4
4042,-15.77,-14.61
4044,-18.37,-16.97
4045,-19.48,-18.15
4046,21.58,22.66
4048,-15.84,-15.69
4049,-27.84,-28.97
4050,-21.55,-22.7
4051,-4.51,-3.35
4052,3.02,3.88
4053,-11.51,-10.01
4056,-5.43,-3.95
4057,-10.57,-10.53
4058,-6.09,-6.18
4059,-13.88,-13.67
4060,-8.99,-9.05
4061,9.11,9.56
4062,13.9,13.39
4063,-2.11,-2.18
4064,-1.35,-0.69
4065,9.31,6.88
4067,8.78,7.89
4069,-26.69,-26.95
4071,-16.4,-17.44
4072,9.36,9.38
4073,-8.78,-10.28
4074,12.37,11.38
4075,-7.24,-6.56
4076,16,15.75
4077,-18.07,-18.86
4079,-6.59,-8.34
4080,19.16,18.45
4081,-0.53,-0.95
4082,-23.34,-23.01
4083,-0.63,0.78
4084,-37.3,-35.95
4085,-28.74,-27.42
4087,5.08,5.19
4089,-25.97,-25.44
4090,-3.51,-3.11
4091,7.08,6.77
4092,18.41,18.51
4094,16.56,16.91
4095,12.61,12.11
4096,4.82,4.15
4097,26.11,25.99
4098,17.07,17.75
4099,2.42,2.39
4100,7.29,6.81
4101,8.25,9.19
4102,7.8,5.82
4103,13.4,12.22
4105,-0.68,-3.72
4106,-12.83,-13.58
4108,-4.74,-6.29
4109,-4.95,-6.36
4110,1.98,0.9
4113,3.86,3.13
4114,-6.86,-6.85
4116,-7.22,-7.61
4118,-7.29,-7.71
4120,6.57,6.9
4122,-3.57,-3.83
4123,10.43,10.1
4124,13.02,13.73
4126,13.76,13.96
4127,2.03,1.36
4128,1.58,2.5
4129,9.75,9.54
4130,17.36,17.45
4131,7.21,6.19
4132,8.09,6.94
4133,16.5,16.57
4134,14.83,14.57
4135,18.62,18.11
4136,15.85,16.34
4137,12.46,12.18
4138,10.47,9.73
4140,15.96,16.25
4141,8.02,7.09
4143,21.97,21.87
4144,20.02,20.27
4146,3.24,2.03
4147,24.76,23.76
4148,1.91,2.54
4149,-1.8,-1.4
4151,23.04,24.12
4153,29.13,29.2
4155,-5.43,-6.92
4156,2.36,3.87
4157,22.53,23.42
4159,26.71,25.43
4161,26.6,25.53
4162,13.1,13.39
4163,34.97,34.71
4164,-1.91,-0.68
4165,0.85,0.99
4167,0.6,0.76
4168,24.52,25.42
4169,-0.42,-0.51
4170,-7.78,-7.96
4172,21.46,22.31
4173,1.7,1.47
4174,21.77,20.93
4175,59.72,59.52
4177,9.22,10.09
4178,30.22,30.13
4179,8.88,9.01
4180,30.31,30.46
4181,1.75,2
4182,-8.79,-8.91
4183,3.6,3.17
4184,22.86,23
4185,31.57,32.19
4186,51.45,52.31
4187,2.13,1.88
4188,-4.54,-4.96
4190,19.94,20.36
4191,5.31,4.91
4192,24.76,24.25
4193,3.63,3.91
4196,-10.01,-9.5
4197,3.49,2.89
4198,-12.98,-12.8
4199,-2.74,-2.63
4200,0.48,-0.23
4201,-0.61,-2.03
4202,-12.55,-11.3
4203,-5.51,-6.09
4204,-2.21,-2.54
4205,2.39,1.58
4206,-2.33,-3.45
4207,3.45,3.46
4208,-11.33,-10.77
4209,-5.11,-3.02
4210,-10.82,-11.36
4211,-5.56,-5.93
4212,-14.48,-14.86
4214,11.37,11.81
4215,-0.69,-0.43
4216,9.35,9.36
4217,-3.36,-2.79
4218,-2.24,-2.63
4219,-7.28,-8.1
4220,-8.33,-7.92
4221,33.04,33.96
4222,25.04,25.37
4223,-1.27,-0.59
4224,-13.37,-13.5
4225,-8.58,-9.18
4226,10.62,10.8
4227,12.58,11.43
4229,15.53,16.68
4230,13.17,13.02
4231,8.62,8.3
4232,22.97,22.62
4234,5.21,4.26
4235,4,4.16
4236,6.58,6.88
4237,29.28,27.97
4238,-2.96,-3.21
4239,21.79,19.71
4240,7.35,6.12
4241,29.27,27.37
4242,14.09,14.42
4243,17.81,17.76
4244,-21.6,-20.43
4245,-29.33,-28.94
4246,-35.5,-35.01
4247,-28.95,-27.81
4248,-4.77,-4.64
4250,-2.42,-2.78
4251,10.68,10.32
4252,34.45,34.66
4253,9.08,9.21
4254,-1.24,-0.02
4255,5.54,5.65
4256,12.09,12.39
4257,34.36,35.31
4259,-1.96,-1.91
4260,-2.87,-3.09
4262,-7.73,-7.45
4263,-3.39,-3.47
4264,-10.75,-8.98
4265,5.52,5.13
4266,1.09,2.8
4267,4.48,5.8
4269,12.04,9.34
4270,-6.31,-5.65
4271,-17.2,-21.47
4272,7.58,9.57
4274,-7.43,-6.73
4275,-1.98,-2.17
4276,4.26,4.22
4277,8.26,9.51
4278,0.55,0.25
4279,4.29,5.22
4280,11.92,11.79
4281,25.77,24.17
4282,9.37,4.31
4283,16.97,17.43
4284,15.92,12.51
4285,25.69,26.43
4286,19.3,17.02
4287,10.55,10.5
4288,30.99,31
4289,-2.13,-1.33
4290,22.16,21.96
4292,-19.81,-18.3
4294,-4.58,-4.03
4295,-7.71,-7.52
4296,-23.57,-23.24
4297,-26.91,-27.34
4298,-4.68,-2.29
4299,-17.22,-14.94
4300,11.66,11.89
4301,12.16,11.31
4302,1.94,1.04
4303,24.81,24.29
4304,5.12,4.08
4305,24.18,22.92
4306,2.73,2.38
4308,-9.3,-8.01
4309,-7.92,-8.23
4310,-8.37,-7.59
4311,-8.6,-7.36
4312,-24.65,-25.39
4313,-18.96,-19.19
4314,-1.6,-0.97
4316,-15.28,-13.6
4318,7.54,9.18
4319,-8.04,-7.62
4320,-13.01,-14.18
4322,-19.15,-20.46
4323,-33.79,-37.15
4324,-36.59,-40.92
4325,-23.65,-24.94
4326,-13.04,-15.74
4328,-32.58,-33.53
4330,-29.46,-29.28
4331,-40,-39.53
4332,-32.58,-32.73
4333,-36.1,-35.37
4334,-15.23,-16.43
4335,-14.55,-14.84
4336,-12.69,-13.4
4338,-16.45,-15.44
4339,-20.42,-20.35
4341,-40.16,-39.88
4342,-31.92,-35.81
4343,-36.73,-37.3
4344,-15.08,-14.77
4345,-23.88,-22.54
4346,-42.35,-43.74
4347,-31.97,-30.52
4348,-18.69,-19.47
4349,2,2.35
4350,-2.17,-4.49
4352,-31.76,-31.44
4353,-16.27,-15.67
4354,-26.57,-26.65
4355,-41.57,-40.76
4356,-27.99,-30.2
4358,-27.45,-26.57
4359,-10.74,-11.22
4360,-12.04,-13.49
4361,26.61,27.35
4362,13.92,14.17
4363,38.1,39.85
4364,14.67,13.6
4367,36.65,37.64
4368,5.12,4.17
4370,-1.31,-2.51
4371,-19.51,-21.09
4372,-18.89,-20.21
4373,-11.67,-12.65
4374,-9.44,-8.41
4375,-8.15,-6.56
4376,-22.68,-24.32
4377,3.17,1.06
4378,-28.91,-30.65
4379,-36.59,-37.49
4382,30.45,30.42
4383,6.66,6.28
4384,-16.03,-15.49
4385,-3.82,-2.86
4386,1.35,1.1
4387,-20.24,-24.01
4388,-10.36,-10.71
4389,-20.2,-21.08
4390,-30.87,-30.98
4391,-28.95,-29.08
4392,-26.65,-28.65
4393,-25.17,-26.13
4394,-18.87,-19.25
4395,-24.7,-24.06
4396,-23.18,-21.86
4398,-11.7,-12.91
4399,-11.37,-12.11
4400,-10.91,-12.02
4401,-14.71,-14.43
4403,-17.34,-17.73
4404,-29.6,-29.52
4406,-19.07,-18.4
4409,-4.87,-3.96
4410,-7.03,-6.35
4411,-16.15,-15.97
4412,-30.19,-29.52
4413,-8.98,-9.39
4414,-18.33,-20.02
4416,-20.03,-21.06
4417,-1,-0.14
4420,-20.76,-19.36
4421,-12.36,-12.73
4423,5.19,5.08
4424,-4.52,-3.44
4426,16.8,15.64
4427,40.42,38.6
4428,-10.99,-11
4429,-1.59,-0.83
4430,-3.31,-2.69
4431,8.4,8.7
4432,-1.27,-1.9
4433,-11.37,-11.91
4434,7.29,8.09
4435,-2.22,-1.84
4436,9.83,10.89
4437,0.3,-0.32
4438,5.54,5.95
4439,3.95,4.25
4441,17.2,18.87
4442,-2.93,-3.62
4443,20.04,20.32
4444,8.97,8.75
4445,31.6,32.23
4447,10.28,10.56
4448,31.46,31.43
4449,10.46,10.75
4451,29.09,28.83
4452,5.59,4.67
4453,32.66,32.08
4454,13.89,14.78
4455,41.77,42.58
4456,19.29,19.05
4457,19.32,19.23
4458,42.25,43.07
4459,35.86,35.84
4460,12.5,12.95
4462,38.65,38.14
4463,12.77,12.62
4464,31.73,32.37
4465,5.52,5.37
4466,1.91,1.46
4467,24.1,23.61
4468,22.08,22.1
4469,44.71,44.59
4471,26.25,26.08
4472,3.96,4.4
4473,24.01,24.18
4475,26.23,25.78
4476,45.66,44.56
4477,26.59,26.49
4478,48.6,48.61
4480,21.26,21.05
4481,0.32,0.87
4482,21.67,21.15
4483,19.54,19.76
4484,38.99,39.6
4485,-2.51,-2.74
4486,17.16,17.14
4487,-5.21,-4.47
4488,-19.6,-19.57
4489,5.74,5.73
4490,-24.2,-24.64
4491,-10.33,-11.34
4492,9.47,10.05
4493,-5.72,-5.89
4494,-7.25,-6.77
4495,-5.9,-5.71
4496,15.55,16.85
4497,1.6,2.21
4499,-2.16,-1.47
4500,-12.15,-12.11
4501,21.23,22.11
4502,12.92,13.36
4503,-14.83,-14.2
4504,8.28,8.41
4505,4.53,4.81
4506,-8.4,-8.28
4507,14.32,15.08
4508,14.22,16.25
4509,11.48,11.76
4510,15.39,15.87
4511,-0.59,-0.67
4512,21.79,21.52
4513,-13.17,-11.77
4514,11.4,11.5
4515,0.13,0.13
4517,4.84,5.23
4518,17.44,17.93
4519,9.71,10.36
4520,-15.19,-15.25
4521,-3.99,-3.81
4522,-11.07,-10.81
4523,4.57,4.17
4524,4.33,4.55
4525,26.97,28.39
4526,-12.99,-13.3
4527,8.28,8.3
4528,-2.33,-3.09
4529,16.86,17.81
4530,11.96,12.23
4531,34.25,35.73
4532,-20.74,-20.4
4533,-27.5,-26.79
4534,-15.11,-14.45
4535,-24.34,-18.83
4536,5.03,5.22
4537,-0.71,0.02
4538,-27.88,-28.03
4539,-3.09,-3.85
4540,-24.3,-23.21
4541,-1.38,-2.14
4542,-3.06,-3.39
4544,-29.83,-28.77
4545,-10.11,-7.79
4548,14.21,19.18
4549,70.1,66.96
4551,35.09,30.87
4554,23.71,26.09
4556,5.89,5.76
4557,8.53,7.63
4558,17.31,17.87
4560,35.45,36.46
4561,26.65,32.83
4563,2.17,2.95
4566,16.43,17.99
4567,24.79,24.34
4568,9.05,11
4570,24.16,24.24
4571,32.49,30.61
4572,34.11,33.54
4573,15.12,12.52
4574,17.04,10.63
4575,-2.35,-2.17
4576,20.85,26.25
4577,6.74,8.88
4578,59.54,60.56
4580,3.48,3.66
4581,15.88,16.94
4582,22.96,30.73
4583,31.51,28.55
4584,32.27,30.4
4585,27.32,27.19
4586,27.62,27.5
4587,8.84,7.01
4588,30.82,30.27
4592,45.04,44.77
4594,28.09,26.84
4596,34.72,30.94
4597,19.25,19.9
4602,29.4,26.06
4604,27.16,35.16
4607,9.01,10.75
4610,23.56,26.16
4611,23.45,24.4
4612,36.31,36.55
4614,21.71,20.02
4615,37,40.43
4616,24.54,31.12
4617,30.97,34.42
4619,-2.77,-1.29
4620,-0.09,1.6
4621,21.73,22.67
4624,5.37,5.25
4625,-14.75,-14.53
4626,1.77,0.38
4630,1.71,-0.34
4631,1.05,-0.53
4632,4.09,4.65
4633,7,7.76
4634,-14.79,-15.17
4635,-42.38,-41.42
4636,-42.18,-41.61
4637,-30.77,-30.35
4638,5.34,4.84
4639,-46.58,-46.91
4640,-25.3,-27.33
4641,-5.67,-7.24
4643,-5.45,-7.89
4646,-37.61,-39.06
4647,-29.41,-28.34
4648,-42.79,-43.28
4649,6.12,7.07
4650,-28.73,-28.6
4651,-39.04,-39.1
4652,-0.23,-2.14
4653,-45.72,-46.03
4654,-21.65,-21.95
4655,-11.02,-11.06
4656,8.06,8.26
4657,-13.14,-12.13
4658,-27.93,-27.99
4660,-10.1,-12.52
4661,13.83,12.24
4662,8.77,7.84
4665,10.19,12.09
4666,-10.46,-10.3
4667,-10.25,-10.7
4668,-22.54,-23.18
4669,-0.48,-0.25
4670,-23,-23.18
4671,7.33,7.67
4672,-26.72,-26.03
4673,-12.96,-12.98
4674,-26.64,-25.94
4675,2.78,4.15
4676,11.17,12.56
4677,-26.15,-27.22
4679,9.21,8.47
4680,14.41,13.98
4681,-41.86,-42.63
4682,-28.97,-28.04
4683,15.06,15.78
4684,6.39,7.56
4685,10.14,10.52
4688,-8.27,-10.2
4692,24.51,24.95
4694,-12.71,-13.77
4695,5.75,5.95
4696,37.38,39.25
4697,-20.27,-19.83
4698,14.75,15.04
4699,8.33,6.39
4700,3.79,5
4701,-1.49,-2.27
4703,5.9,5.38
4704,-15,-16.2
4705,-3.16,-5.13
4706,-11.13,-11.2
4707,-17.48,-18.2
4708,-20.85,-19.52
4709,1.91,0.77
4710,-10.71,-11.41
4712,0.33,0.61
4715,-38.6,-37.97
4716,-8.66,-10.1
4717,-1.62,-2.04
4718,3.6,3.65
4719,3.4,4.06
4720,13.24,11.66
4721,-35.03,-36.08
4723,-27.29,-25.9
4724,-35.56,-37.6
4728,-41.83,-42.66
4730,-48.68,-45.07
4731,-46.07,-45.61
4732,-47.47,-49.35
4733,-25.71,-25.78
4735,-28.57,-28.49
4736,-48.68,-45.07
4737,-48.68,-45.07
4738,-46.07,-45.61
4739,-21.26,-21.71
4741,-9.31,-10.3
4742,-21.98,-21.14
4743,-7.22,-9.62
4744,-27.07,-26.34
4746,-17.44,-17.75
4747,6.61,8.01
4748,-1.78,-1.55
4750,-12.54,-11.5
4752,-9.48,-13.34
4753,-15.02,-17.89
4755,3.82,4.52
4756,13.57,12.81
4757,23.51,23.22
4758,5.77,6.49
4759,3.94,3.7
4760,-8.21,-9.62
4761,7.81,7.63
4762,5.94,5.64
4764,-7.14,-7.79
4766,-10.22,-10.84
4767,-8.59,-9.49
4768,0.3,0.54
4769,8.22,8.33
4770,-37.9,-36.67
4773,5.56,4.54
4774,-23.39,-23.42
4775,7.42,6.77
4776,-34.66,-35.5
4777,-16.99,-19.18
4780,-19.4,-15.92
4782,13.59,11.13
4784,-41.04,-44.13
4785,-46.37,-48.33
4786,-45,-44.84
4787,-12.09,-11.68
4788,3.84,5.11
4789,-7.51,-9.89
4791,16.74,18.17
4792,-5.61,-7.34
4793,9.39,8.9
4795,19.27,18.28
4796,9.17,9.67
4798,13.54,17.07
4799,22.81,19.22
4800,13.41,10.67
4801,24.54,26.05
4802,3.49,3.34
4803,3.21,2.94
4804,-8.22,-7.25
4805,-1.41,-0.71
4806,33.2,33.03
4807,-19.97,-19.82
4808,-23.71,-23.37
4809,7.04,6.51
4810,7.15,5.65
4811,-1.7,-0.99
4812,2.02,0.73
4813,-1.37,-2.02
4814,-0.55,1.26
4815,-13.2,-14.5
4816,-23.55,-24.67
4817,-5.64,-5.49
4818,-1.77,-2.06
4819,1.39,1.67
4820,-9.94,-10.85
4822,2.17,4.07
4823,10.13,6.3
4825,-12.83,-12.06
4826,-2.28,2.4
4828,-48.32,-50.4
4829,-33.99,-34.63
4830,-31.33,-30.66
4832,-30.99,-30.24
4833,10.23,9.6
4834,-20.39,-20.66
4835,-44.94,-46.2
4836,-31.61,-35.37
4838,-36.72,-35.61
4839,-29.27,-28.99
4841,-19.82,-20.95
4844,-23.14,-25.69
4846,-39.37,-38.22
4847,-31.32,-31.9
4848,-9.08,-4.7
4849,-40.64,-41.59
4850,-31.78,-31.19
4851,-34.83,-35.99
4852,-31,-30.8
4853,-31.99,-33.34
4854,-39.65,-39.79
4855,-33.5,-29.44
4856,12.07,15.44
4858,-37.34,-40.79
4860,-2.05,-2.13
4861,0.36,-1.36
4864,-31.3,-30.61
4865,-2.96,0.0600000000000001
4866,-0.68,-1.57
4867,0.21,-1.3
4868,-30.7,-28.55
4870,18.86,19.36
4871,9.09,8.34
4872,-3.27,-2.97
4873,10.54,11.72
4874,-2.79,-0.86
4875,9.15,8.43
4876,6.61,8.63
4877,13.68,14.05
4878,-25.09,-26.86
4879,12.07,10.57
4880,16.34,16.12
4881,-19.14,-22.43
4883,23.73,24.07
4884,8,8.6
4885,2.98,3.46
4886,-9.62,-9.98
4887,24.73,25.47
4888,-2.28,-1.76
4889,31.78,31.23
4890,-20.58,-19.16
4891,6.9,7.19
4892,5.15,5.1
4893,1.64,2.28
4894,-10.8,-11.72
4895,2.88,2.44
4897,-21.11,-21.37
4898,-12.69,-13.14
4899,-3.25,-0.57
4901,0.79,1.76
4902,-13.97,-13.48
4904,15.28,14.26
4906,-18.89,-19.72
4907,12.37,11.14
4908,-32.8,-34.89
4909,-32.13,-33.31
4910,10.55,11.21
4911,-22.27,-22.48
4912,5.7,5.75
4914,-1.31,0
4915,1.9,0.0399999999999998
4917,20.1,17.89
4918,10.49,10.76
4919,17.83,15.42
4920,4.46,4.61
4921,9.81,9.91
4923,11.99,10.93
4924,-2.97,-3.69
4927,0.79,-2.6
4928,-10.42,-9.59
4929,-3.16,-4.42
4930,21.78,21.03
4931,17.61,17.53
4932,39.16,38.7
4933,6.19,5.43
4935,-1.73,-1.17
4937,-17.83,-19.11
4938,-27.26,-27.34
4939,2.46,2.02
4940,-6.42,-7.46
4941,-16.2,-16.8
4943,-25.71,-25.61
4944,-32.93,-31.6
4945,-26.39,-27.49
4947,6.45,5.38
4949,4.31,2.91
4951,-7.25,-6.43
4952,-0.44,-0.49
4953,21.02,21.33
4957,-32.33,-30.35
4958,-25.71,-24.55
4960,7.71,7.85
4962,39.65,40.1
4963,12.76,13
4964,9.25,11.09
4965,-1.64,-1.17
4969,7.86,7.88
4971,6.13,4.79
4972,3.43,1.35
4973,2.07,2.14
4974,-5.92,-7.62
4975,-33.73,-32.07
4976,-26.62,-25.84
4978,-19.24,-17.65
4979,-11.29,-11.87
4980,16.15,13.88
4981,6.51,6.64
4982,-18.56,-19.76
4983,-10.88,-11.93
4984,16.22,14.82
4985,-24.83,-22.68
4988,11.46,11.26
4989,36.64,36.55
4990,5.66,5.92
4991,15.43,13.15
4992,43.22,40.62
4993,7.41,4.98
4994,7.01,6.88
4995,2.75,2.64
4996,27.46,28.19
4997,-6.41,-6.82
4998,4.72,5.1
4999,4.91,4.65
5000,3.14,3.81
5001,19.29,17.29
5002,44.05,43.04
5003,7.77,6.91
5005,-33.19,-32.94
5006,12.03,12.9
5007,19.4,19.34
5008,-30.54,-30.79
5009,15.3,14.76
5010,18.4,18.15
5011,-31.78,-33.17
5012,21.13,20.75
5014,13.8,12.99
5015,-34.06,-33.54
5016,9.26,9.24
5017,-39.53,-38.03
5018,7.36,5.47
5019,11.08,11.12
5020,-38.89,-38.71
5021,-9.4,-11.55
5022,16.66,16.36
5023,37.85,34.01
5024,33.48,31.22
5025,38.12,38.4
5026,-12.77,-14.38
5027,15.79,15.72
5028,-31.77,-32.93
5029,15.18,14.47
5031,15.93,16.64
5032,11.24,11.7
5033,-38.85,-40.67
5034,8.47,8.63
5036,-9.65,-9.61
5037,8.25,6.24
5038,12.57,12.53
5040,-28.85,-27.1
5042,-18.11,-18.56
5043,-20.89,-21.44
5045,-1.97,-2.51
5046,-3.97,-3.92
5047,-22.39,-22.79
5049,-23.47,-23.97
5050,-26.56,-26.84
5051,-33.86,-32.62
5052,-13.45,-14.16
5053,-11.17,-11.56
5054,-31,-31.36
5055,-34.13,-32.66
5056,13.63,14.47
5057,-2.59,-2.77
5058,-24.39,-23.64
5060,-16.99,-16.88
5061,-13.48,-12.98
5062,-31.96,-31.57
5063,-10.55,-10.36
5065,-29.42,-29.49
5068,16.61,19.02
5070,-1.03,-5.35
5071,16.13,15.99
5075,16.28,13.54
5076,0.57,0.0599999999999999
5077,20.71,20.22
5078,-23.95,-23.33
5079,-19.55,-19.82
5080,-20.91,-23.56
5081,-26.32,-25.33
5082,-16.88,-16.65
5083,-27.14,-27.56
5084,-3.76,-3.59
5085,-15.61,-16.61
5086,-27.5,-26.8
5087,-3.61,-4.66
5088,-15.21,-15.08
5089,-26.63,-26.57
5091,-31.9,-30.83
5092,-28.01,-27.26
5093,-32.57,-33.49
5094,-12.46,-12.44
5095,-25.17,-25.83
5096,-32.83,-31.25
5098,-2.02,-4.55
5099,16.09,16.46
5100,6.36,5.23
5101,-31.27,-29.84
5102,-14.61,-15.32
5104,-25.37,-24.78
5105,-31.33,-33.41
5106,-11.79,-12.3
5107,-23.39,-23.89
5108,30.9,30.17
5109,30.08,29.97
5110,28.92,28.58
5111,14.72,16.09
5112,20.41,19.9
5113,49.95,51.98
5114,17.72,17.24
5115,-3.36,-4.69
5117,22.35,21.91
5118,-7.81,-6.73
5119,-7.2,-6.06
5120,-14.17,-12.72
5122,17.03,17.78
5123,9.52,10.25
5124,-12.67,-10.55
5125,6.64,6.25
5126,7.25,6.5
5127,0.19,1.25
5128,5.86,4.92
5130,30.86,32.75
5131,7.69,7.27
5132,15.12,15.87
5133,1.72,2.91
5134,3.45,2.44
5135,7.41,6.11
5137,9.87,10.39
5138,8.15,8.5
5139,-3.71,-4.04
5140,1.08,1.12
5141,-22.79,-21.62
5142,-30.2,-30.78
5143,-29.67,-31.62
5145,-14.88,-15.62
5146,-27.01,-25.61
5147,-36.71,-38.12
5148,-10.16,-9.77
5149,-38.01,-36.92
5151,-1.76,0.76
5152,-12.17,-12.56
5153,-18.08,-18.05
5154,-14.01,-12.43
5156,-25.63,-26.37
5157,-34.4,-35.74
5159,28.24,29.8
5160,-34.36,-34.99
5161,27.97,29.57
5162,-34.32,-37.33
5165,16.73,17.22
5166,-37.87,-35.55
5167,21.97,21.85
5168,-41.67,-41.73
5169,-47.86,-49.47
5170,19.42,19.32
5171,-30.42,-31.83
5172,18.84,18.33
5173,-34.44,-32.42
5174,14.31,13.35
5175,24.6,23.7
5177,0.2,0.21
5178,-33.05,-33.9
5179,-42.42,-42.23
5180,-39.12,-39.33
5181,-39.17,-38.38
5182,-5.03,-5.2
5183,-24.77,-24.27
5185,-1.88,1.16
5186,-1.76,1.4
5187,-14.14,-13.31
5188,-8.92,-7.18
5189,-7,-7.57
5190,-26.18,-26.08
5191,-10.35,-10.88
5193,-32.68,-35.82
5194,-6.21,-4.01
5195,-2.26,-2.26
5196,25.8,25.3
5201,28.68,29.63
5202,3.46,3.33
5203,19.69,21.48
5204,2.17,2.32
5205,21.91,22.96
5207,12.48,14.4
5209,-3.68,-5.21
5210,4.85,7.74
5211,-26.31,-26.06
5212,1,0.37
5213,7.23,8.46
5214,26.32,25.18
5215,4.09,4.84
5216,2.98,5.13
5217,0.02,1.06
5219,5.97,6.17
5220,-5.26,-3.75
5221,3.4,2.42
5222,0.18,-0.12
5223,-27.8,-28.99
5224,-3.1,-4.3
5227,-7.37,-7.89
5229,-10.97,-11.15
5230,-29.74,-29.09
5232,-16.08,-17.7
5235,-6.27,-7.37
5236,2.3,2.27
5237,-18.54,-18
5238,-25.42,-25.12
5239,-21.78,-20.7
5240,-36.79,-38.07
5241,-12.62,-13.89
5242,-14.46,-14.4
5243,-27.03,-28.31
5244,-15.05,-14.55
5245,-13.81,-15.42
5246,-15.5,-15.25
5248,20.2,19.79
5249,19.94,17.17
5250,-20.93,-22.89
5251,-23.97,-22.04
5252,6.02,5.83
5254,8.9,9.21
5256,8.19,6.88
5257,-15.83,-16.41
5258,-27.96,-27.05
5259,9.12,8.93
5260,-17.63,-17.62
5261,11.63,10.29
5262,11.7,12.63
5263,-17.72,-18.81
5264,28.02,27.83
5266,10.14,10.08
5267,-39.82,-39.57
5268,12.96,13.11
5269,-39.6,-40.36
5270,16.36,18.25
5271,-45.35,-44.86
5272,15.44,13.68
5273,-34.09,-33.45
5274,3.14,3.54
5275,-46.61,-46.59
5276,16.91,14.61
5278,20.46,21.44
5279,19.66,19.93
5280,-41.76,-41.57
5281,-1.23,-2.07
5282,6.15,5.81
5283,12.48,10.02
5284,-9.32,-9.4
5285,-4.36,-4.19
5286,0.47,-0.52
5287,-27.05,-25.39
5288,-29.63,-27.52
5289,17.99,17.44
5290,-26.38,-27.09
5291,37.75,37.74
5294,-7.93,-8.4
5295,-8.12,-3.82
5296,-33.91,-29.11
5298,-41.7,-43.4
5300,9.79,9.56
5301,-27.87,-26.18
5302,4.14,5.51
5303,-50.54,-49.99
5304,13.88,13.83
5305,-3.62,-1.02
5306,2.87,2.98
5307,9.18,9.42
5308,13.62,14.45
5309,-8.13,-7.68
5310,-12.47,-9.42
5311,9.52,12.85
5313,23.1,23.13
5314,-1.25,-1.23
5315,9.14,8.53
5316,3.35,3.6
5319,-2.35,-1.25
5320,8.23,5.75
5322,6.84,7.05
5323,7.85,7.68
5324,6.39,5.78
5325,14.59,15.41
5326,8.32,7.88
5327,4.94,5.87
5328,0.13,-0.34
5329,16.2,16.32
5330,9.09,9.39
5331,-0.47,-0.13
5332,-13.12,-10.05
5333,-8.01,-7.57
5334,-18.88,-20.59
5335,-22.72,-20.56
5336,0.46,1.48
5338,-12.67,-14.64
5339,-17.07,-16.95
5340,24.02,25.17
5341,-15.16,-16
5342,-22.58,-22.44
5344,-28.25,-28.75
5345,-4.06,-3.93
5346,-27.07,-27.57
5348,-5.17,-5.72
5349,-12.32,-12.12
5350,-5.04,-6.19
5351,-15.12,-15.19
5352,-10.2,-10.32
5354,-38.74,-37.36
5356,17.87,18.24
5360,-33.02,-32.89
5361,24.97,24.89
5362,-27.16,-25.87
5363,6.28,6.73
5364,-35.59,-34.75
5365,-41.59,-40.39
5366,-31.67,-31.87
5367,-14.54,-16.06
5368,-22.23,-20.81
5370,-14.6,-12.33
5371,-3.65,-1.84
5373,-26.58,-25.97
5374,-20.88,-19.48
5376,-27.67,-28.67
5377,-28.53,-29.45
5378,-0.31,-0.21
5379,-10.12,-9.24
5380,33.16,34.58
5381,-12.35,-12.2
5382,5.01,4.77
5383,-21.29,-21.42
5384,3.97,4.47
5385,-5.39,-5.88
5387,-5.37,-6.11
5388,21.32,20.25
5389,2.23,2.49
5391,-0.62,-0.68
5392,-34.9,-35.07
5393,-26.82,-27.65
5394,-2.08,-1.78
5395,-30.66,-30.57
5396,-30.68,-31.21
5397,-6.62,-6.58
5398,-38.35,-38.59
5399,-28.81,-28.5
5400,-37.65,-37.56
5401,-29.96,-31.67
5402,-32.32,-29.45
5404,-8.19,-7.88
5405,-6.33,-6.47
5406,-25.44,-25.21
5407,-34.96,-36.79
5408,-44.46,-46.1
5409,-28.7,-27.62
5410,-36.02,-34.98
5412,26.98,26.03
5414,-32.72,-32.28
5415,-36.14,-36.13
5416,24.77,25.89
5417,12.18,13.19
5418,8.06,4.29
5419,0.84,-1.44
5421,-16.24,-14.64
5422,8.49,7.35
5423,-14.64,-15.91
5424,-38.27,-30.98
5425,-19.95,-19.98
5426,8.24,6.42
5427,-9.96,-8.66
5428,-1.95,-2.84
5429,15.32,15.79
5430,4.52,1.91
5431,-0.68,-1.46
5432,-9.38,-10.55
5435,34.3,33.84
5436,23.17,19.32
5437,31.33,31.82
5438,34.69,31.6
5441,50.57,52.78
5442,27.01,26.77
5443,12.7,16.29
5444,18.36,18.51
5445,30,30.53
5446,22.13,21.27
5447,-5.44,-6.7
5448,19.12,20.3
5450,15.48,16.82
5452,34.61,34.02
5454,16.29,16.03
5455,6.68,6.99
5456,-6.5,-6.65
5457,5.06,4.85
5458,1.76,1.56
5461,24.1,24.14
5462,-4.13,-3.96
5463,6.4,6.08
5465,0.34,1.54
5466,17.73,18.35
5467,22.54,23.45
5468,-4.19,-2.85
5469,4.32,4.79
5470,0.92,1.25
5471,-5.67,-4.66
5472,-1.02,-3.36
5473,-11.82,-12.23
5475,-30.19,-26.84
5476,-24.17,-24.03
5477,-5.97,-6.76
5478,-39.4,-38.87
5479,-8.51,-9.43
5480,-15.62,-14.61
5481,9.82,10.7
5483,-18.31,-19.64
5485,-20.25,-20.09
5486,-13.45,-14.01
5487,-17.35,-15.69
5488,-26.27,-25.55
5489,21,21.15
5490,2.88,2.71
5491,-27.85,-27.92
5492,-10.61,-10.88
5493,4.73,5
5494,-16.68,-15.92
5495,0.6,2.04
5496,-10.66,-10.19
5497,-2.81,-2.06
5498,-17.85,-17.42
5499,-3.1,-2.64
5501,5.14,5.85
5502,-22.1,-23.53
5504,7.46,8.46
5506,-18.65,-17.97
5509,19.69,20.67
5510,-7.5,-7.92
5511,-2.28,-3.42
5512,4.48,4.9
5513,-47.66,-46.66
5514,13.42,12.17
5515,15.5,15.64
5516,-36.77,-34.96
5517,27.68,20.88
5518,13.62,11.76
5519,26.33,26.64
5520,-25.2,-27.06
5521,2.34,2.12
5522,10.16,9.93
5523,-4.34,-3.78
5525,-2.85,-2.37
5526,21.98,21.28
5527,-2.31,-2.39
5528,-21.11,-20.69
5529,-7.96,-8.82
5530,-9,-9.31
5531,-9.65,-10.09
5532,-38.63,-39.72
5534,-7.87,-6.67
5535,-29.19,-26.82
5536,19.28,19.43
5538,4.91,3.49
5539,9.63,5.86
5540,13.77,13.47
5541,16.51,16.52
5543,-12.58,-11.07
5544,27.24,27.72
5545,-9.78,-10.86
5546,-27.32,-26.35
5547,37.19,35.33
5548,14.57,11.89
5549,22.99,21.92
5550,-36.95,-36.67
5551,29.36,29.72
5552,-18.48,-20.55
5553,-17.42,-16.1
5554,-24.89,-26.13
5555,-2.86,-3.71
5556,28.81,29.22
5557,51.01,52.66
5558,18.06,17.69
5559,13.2,10.04
5560,23.59,22.98
5562,-28.35,-30.33
5563,-41.15,-40.86
5564,13.21,15.58
5565,26.75,25.61
5566,12.48,13.36
5567,28.95,29.07
5568,21.63,22.02
5569,-30.81,-33.29
5570,-54.89,-49.72
5572,18.17,19.87
5573,25.5,23.4
5575,14.08,12.78
5576,7.2,9.71
5577,25.44,25.97
5578,27.39,27.6
5579,12.93,15.2
5580,-4.41,-0.0600000000000005
5581,9.23,11.53
5582,-28.61,-28.11
5583,12.22,12.31
5585,10.88,10.4
5587,-1.2,0.26
5588,5.81,6.24
5590,-12.68,-12.1
5591,-16.48,-15.86
5592,9.13,9.99
5593,10.04,9.91
5594,2.95,1.61
5595,1.97,1.64
5597,-35.45,-36.18
5598,-36.15,-37.7
5599,-41.86,-43.94
5601,5.05,4.75
5602,11.7,11.61
5603,-21.09,-20
5604,-10.99,-9.17
5606,-11.14,-8.41
5607,-4.26,-6.04
5610,-41.62,-42.16
5611,-42.79,-42.87
5612,-12.57,-11.79
5614,-38.67,-39.58
5616,-40.7,-44.36
5619,4.13,5.17
5622,20.41,23.72
5624,-40.2,-38.95
5625,-27.59,-28.74
5626,-16.42,-18.37
5628,-13.78,-15.45
5629,-15.91,-19.74
5630,17.44,11.68
5632,-1.83,-4.62
5635,13.04,13.17
5636,9.12,9.66
5637,1.06,2.14
5639,6.05,6.02
5640,12.88,13.08
5641,12.34,13.21
5642,-4.28,-4.24
5645,-10.56,-11.4
5646,-2.15,-2.33
5647,14.13,12.69
5648,-5.46,-4.79
5649,9.16,9.59
5650,1.7,-0.35
5651,25.16,26.5
5652,19.92,21.42
5653,-11.83,-9.98
5654,-19.53,-19.57
5655,8.12,8.48
5658,-13.88,-17.22
5659,12.79,11.19
5660,2.19,2.81
5661,-19.41,-23.24
5662,24.15,26.87
5663,-24.24,-22.61
5664,-13.4,-15.1
5665,-18.46,-16.64
5668,17.03,17.05
5669,11.62,12.08
5670,12.45,12.67
5671,16.93,16.3
5672,19.88,18.34
5673,14.23,14.05
5674,9.01,8.73
5675,17.45,18.25
5676,21.39,21.29
5677,15.44,16.37
5678,-4.96,-4.3
5679,-24.23,-23.38
5680,5.04,5.15
5682,-10.35,-11.42
5683,-4.61,-4.84
5684,-16.69,-16.66
5685,5.63,4.59
5686,-15.03,-16.64
5687,-15.39,-16.4
5688,-1.14,0.9
5689,-5.21,-5.19
5690,-10.99,-12.13
5691,-7.04,-7.12
5692,-12.54,-12.22
5693,-5.57,-3.91
5694,-16.96,-16.29
5697,-3.84,-3.65
5698,3.58,3.74
5699,-5.52,-4.89
5700,-5.6,-6.15
5702,-9.13,-8.8
5703,29.99,29.72
5704,21.6,20.88
5706,-14.7,-14.63
5708,34.5,34.84
5710,-28.9,-28.16
5711,21.47,17.78
5712,29.98,30.86
5713,-22.38,-21.42
5714,-24.96,-23.36
5715,24.98,25.36
5716,-27.16,-26.86
5717,21.37,21.97
5719,-23.52,-22.93
5720,9.24,9.47
5721,5.76,6.98
5722,12.87,13.28
5724,5.67,5.36
5725,-26.97,-25.35
5726,-26.77,-26.62
5727,-31.29,-32.07
5728,-33.28,-32.87
5730,-26.62,-27.44
5732,-3.46,-1.76
5733,-8.96,-7.82
5734,-32.78,-31.89
5735,-18.19,-19.55
5737,2.26,2.68
5738,-16.38,-17.22
5739,23.29,19.18
5740,34.92,34.36
5741,-17.45,-17.93
5744,4.5,5.48
5745,27.16,28.01
5746,-5.88,-5.06
5747,17.28,17.37
5748,2.53,2.28
5750,10.33,11.17
5753,-6.21,-7.35
5755,-13.98,-15.81
5756,-11.07,-13.38
5757,-15.56,-18.13
5758,1.06,1.38
5760,-22.11,-22.3
5762,-27.28,-27.01
5764,-11.31,-10.84
5765,-0.98,-1.92
5766,-7.67,-7.23
5767,-8.85,-7.62
5768,-12.81,-12.41
5769,-0.94,-0.57
5770,-6.68,-6.7
5771,-17.07,-16.31
5772,15.43,13.56
5773,22.96,20.26
5774,-7.99,-10.1
5776,-21.45,-19.96
5777,36.81,36.77
5778,-20.63,-19.76
5779,6.35,7.17
5780,-5.91,-7.59
5781,-25.88,-25.1
5782,-18.06,-14.76
5783,-24.44,-23.78
5784,-32.59,-33.07
5785,-10.95,-12.28
5786,-30.08,-28.02
5787,20.25,18.29
5788,8.8,3.26
5789,4.42,2.9
5790,-3.45,-2.5
5791,-12.89,-13.98
5792,-12.38,-12.34
5793,-13.28,-15.67
5794,0.37,1.08
5795,35.14,35.08
5796,58.55,60.62
5797,33.77,34.49
5798,-10.15,-9.96
5801,-11.35,-10.7
5803,-27.94,-28.53
5804,-34.38,-35.6
5805,-27.16,-27.5
5806,-4,-2.31
5807,-23.42,-25.09
5808,-4.05,-5.72
5810,-24.53,-24.75
5811,-25.99,-24.12
5812,-30.43,-28.25
5813,-42.32,-43.98
5814,-45.74,-42.01
5816,-31.23,-29.96
5818,-34.33,-37.06
5819,-0.15,1.11
5820,-18.3,-19.5
5821,20.55,19.01
5822,-12.34,-11.31
5823,-25.21,-23.21
5824,-27.47,-28.17
5825,25.59,25.28
5827,5.03,6.22
5828,18.07,19.15
5829,35.15,36.09
5830,35.78,35.35
5831,31.13,29.08
5832,34.35,34.24
5833,6.45,4.11
5834,7.62,6.89
5837,13.84,12.69
5838,13.43,13.97
5839,0.04,-1.24
5841,-0.23,-0.33
5842,8.57,8.65
5843,4.01,3.58
5844,-2.94,-2.67
5845,27.08,27.79
5846,13.51,14.38
5848,0.39,2.14
5849,24.17,27.86
5852,25.19,26.41
5853,31.18,30.09
5854,45.11,44.02
5855,44.4,44.64
5856,37.64,37.1
5858,47.25,48
5860,11.29,12.95
5861,20.17,19.88
5863,55.73,58.39
5865,12.77,13.55
5866,37.7,34.07
5867,18.38,18.49
5868,15.16,13.67
5869,-0.2,-1.56
5870,8.96,9.19
5871,15.61,14.06
5872,17.53,17.32
5874,-0.83,-1.54
5875,6.23,4.77
5876,16.11,15.07
5877,11.6,11.18
5878,-14.29,-14.27
5881,18.43,16.69
5882,7.14,8.01
5883,15.47,14.55
5886,-7.47,-8.3
5887,16.22,15.74
5888,21.02,20.78
5890,-23.3,-23.89
5891,17.31,17.83
5892,13.29,13.62
5894,11.96,11.31
5895,-17.24,-17.22
5897,-9.97,-12.96
5898,-20.65,-23.74
5900,8.7,8.49
5901,5.35,2.28
5904,16.88,16.51
5905,15.88,15.96
5907,18.32,17.84
5908,15.19,16.59
5909,13.6,14.15
5910,18.37,18.19
5911,24.34,24.53
5912,20.49,21.98
5913,16.64,16.44
5914,3.18,1.78
5915,7.87,7.85
5918,5.79,6.23
5919,-10.47,-10.62
5920,4.37,4.34
5921,2.36,1.4
5922,-12.66,-13.91
5924,-3.08,-2.47
5925,2.35,2.04
5926,5.17,5.4
5927,-14.77,-14.47
5928,-1.98,-1.72
5929,-14.05,-13
5930,-2.18,-2.38
5931,-17.49,-18.48
5932,22.72,22.6
5933,12.8,13.1
5934,-8.23,-8.07
5935,11.15,11.12
5937,1.99,2.32
5939,-16.18,-16.65
5940,34.58,35.35
5941,16.65,17.51
5942,0.84,1.61
5943,-16.56,-16.08
5944,20.76,21.34
5946,21.86,23.54
5948,17.12,18.09
5949,18.74,19.57
5950,-8.53,-8.63
5951,17.72,18.65
5952,20.75,20.57
5953,-7.22,-5.57
5955,-22.17,-19.68
5956,29.1,29.82
5957,-22.38,-23.46
5958,24.44,24.62
5959,25.41,25.82
5961,23.63,23.3
5962,27.15,26.66
5963,-24.64,-22.81
5964,25.64,25.36
5965,6.16,6.14
5966,9.02,8.84
5967,31.5,31.28
5968,10.23,10.02
5969,30.83,31.21
5970,14.34,13.87
5971,9.16,7.87
5973,-7.96,-7.45
5974,7.6,7.33
5975,6.62,6.73
5976,3.34,2.13
5977,-8.27,-9.35
5978,-14.52,-15.69
5980,5.27,5.88
5981,3.12,2.76
5982,-15.69,-15.95
5983,6.76,6.78
5984,24.32,22.1
5985,26.07,25.34
5986,9.2,8.93
5988,3.29,4.85
5990,38.84,38.52
5991,-15.63,-15.49
5992,-10.42,-9.13
5993,32.3,33.55
5995,6.93,5.79
5997,-3.81,-4.25
5998,-6.24,-6.64
5999,42.6,43.21
6001,-8.52,-6.06
6002,8.37,7.81
6003,-25.93,-25.52
6004,-28.05,-25.68
6005,-27.52,-28.33
6006,-9.95,-12.4
6008,-30.76,-31.01
6009,27.99,27.89
6011,17.95,15.23
6015,35.2,34.28
6016,44.88,43.73
6017,44.81,43.2
6018,22.72,19.73
6019,46.84,43.32
6020,23.66,23.02
6021,19.55,19.19
6022,22.92,21.83
6024,29.95,29.44
6025,51.05,50.22
6026,29.16,28.01
6027,24.05,22.85
6028,10.22,8.99
6031,12.6,11.41
6032,37.97,36.04
6033,27.69,27.02
6034,24.52,22.55
6035,23.16,22.59
6036,11.65,10.76
6037,24.36,21.74
6038,11.82,11.87
6039,19.19,18.36
6040,22.25,20.83
6041,11.57,9.34
6042,36.05,39.74
6043,24.15,22.42
6044,47.97,49.74
6045,32.25,31.49
6046,32.4,30.86
6047,32.5,31.79
6049,37.65,37.23
6050,18.66,21.45
6051,44.67,45.14
6052,5.58,5.32
6053,0.72,2.29
6054,5.29,7.04
6055,8.93,11.72
6057,9.01,11.63
6058,5.57,3.92
6059,29.37,29.31
6060,8.42,5.71
6061,19.12,19.26
6062,28.78,29.7
6063,25.39,26.65
6064,21.16,20.68
6065,7.46,7.94
6066,32.06,33.1
6067,-16.75,-17.14
6070,-7.72,-6.88
6071,21.61,22.63
6072,7.07,7.36
6073,-7.78,-6.47
6074,44.05,43.86
6075,7.95,6.49
6076,-3.25,-0.39
6077,3.79,4.42
6078,-3.97,-0.21
6079,7.22,9.14
6080,-17.36,-17.84
6081,-14.26,-11.1
6083,13.78,12.66
6084,-18.03,-17.51
6085,-12.68,-13.19
6086,4.33,4.56
6087,-16.14,-16.59
6088,15.29,12.36
6089,-50.26,-51.93
6092,-36.3,-36.99
6093,-29.05,-27.24
6094,7.21,5.88
6096,-18.94,-18.51
6097,17.39,16.05
6099,-0.26,-1.23
6100,-6.92,-7.02
6102,7.03,8.44
6105,3.56,9.12
6106,-36.6,-36.73
6107,-14.12,-12.36
6108,-37.79,-38.1
6109,-23.61,-25.41
6110,5.29,4.49
6112,-9.35,-10.32
6113,-10.58,-11.48
6115,-30.68,-33.87
6118,-15.38,-15.35
6119,-39.07,-37.12
6120,-26.97,-25.86
6121,17.74,18.83
6122,-39.87,-37.7
6123,16.13,13.94
6124,13.56,13.5
6127,-37.4,-36.89
6128,-20.29,-20.72
6130,16.98,16.59
6131,38.24,39.73
6132,13.54,13.8
6133,32.27,31.85
6134,15.55,13.99
6135,38.61,38.2
6136,12.2,11.92
6137,10.91,10.92
6138,7.67,8.33
6139,0.01,-1.6
6140,-12.81,-13.29
6141,-2.07,-3.32
6143,-6.33,-5.33
6144,10.73,9.72
6145,1.45,4.96
6146,-2.56,-3.38
6147,-10.33,-10.68
6148,-8.45,-7.49
6149,-5.96,-4.47
6150,-11.95,-12.42
6151,-10.33,-12.04
6152,-15.53,-16.47
6153,9.6,11.03
6154,-16.15,-15.53
6155,-2.2,-1.45
6156,9.74,10.07
6157,-36.39,-35.71
6158,16.46,17.4
6159,-5.69,-5.39
6160,-1.22,-1.69
6161,-31.99,-33.88
6162,-31.93,-33.05
6163,-19.37,-14.04
6164,-21.75,-20.06
6165,-18.75,-14.93
6166,-44.09,-43.05
6171,-14.3,-13.47
6173,2.27,2.05
6176,-10.07,-10.06
6178,-20.59,-20.26
6179,-19.05,-18.38
6180,-6.36,-5.54
6181,-6.55,-5.8
6182,-1.37,0.64
6183,-12.4,-13.61
6185,13.36,12.94
6186,-16.79,-16.21
6187,-35.3,-35.63
6188,-7.47,-7.71
6189,-25.39,-28.07
6191,0.66,0.85
6192,3.12,2.56
6193,-0.97,-0.32
6194,-12.79,-14.13
6195,-18.75,-19.94
6196,-23.25,-21.77
6197,1.05,0.47
6198,15.75,16.59
6199,-17.75,-18.02
6200,-22.9,-21.88
6202,14.21,13.21
6203,0.96,1.89
6205,17.12,16.04
6206,-20.71,-21.21
6207,-25.15,-24.58
6208,-20.2,-20.63
6209,-2.87,-3.4
6210,6.91,7.35
6211,-3.58,-1.6
6212,-23.06,-22.76
6215,-1.9,-1.26
6216,5.49,6.74
6217,10.27,11.46
6219,17.4,18.1
6220,16.81,17.84
6221,10.41,10.54
6222,12.67,10.42
6223,11.21,9.57
6224,-23.42,-21.99
6225,-34.41,-36.33
6226,13.33,13.86
6227,1.22,3.92
6229,16.46,15.68
6230,41.35,40.31
6232,14.17,13.79
6233,15.61,15.99
6234,13.53,12.98
6235,14.07,15.17
6236,12.06,10.3
6237,-16.04,-15.96
6238,-1.52,-1.89
6239,-2.75,-1.33
6241,5.81,6.29
6242,10.03,10.83
6243,10.38,11.34
6246,-9.91,-9.36
6247,12.21,11.76
6249,6.72,7.02
6250,11.9,12.26
6251,-6.87,-6.17
6252,0.23,-0.65
6253,24.21,24.15
6254,16.49,17.6
6255,41.51,41.44
6256,18.72,18.58
6258,41.44,41.73
6259,-2.92,-2.45
6260,-11.89,-11.76
6263,-4.44,-2.91
6264,22.46,23.15
6266,-2.61,-0.94
6267,22.33,22.7
6269,-24.34,-24.05
6271,24.32,24.37
6272,-24.19,-25.22
6273,23.37,22.43
6274,-23.85,-23.93
6275,23.72,26.5
6277,0.96,0.86
6278,20.65,19.68
6279,-33.17,-31.36
6280,-27.94,-29.3
6282,-23.56,-23.45
6283,-32.41,-31.72
6284,-0.13,-0.32
6285,-37.69,-37.91
6286,-16.15,-15.99
6288,-4.62,-4.18
6289,-1.61,-1.65
6291,11.58,10.7
6292,-14.92,-15.01
6293,9.39,9.9
6294,12.31,12.96
6295,2.88,2.58
6296,24.25,24.62
6297,14.91,15.06
6298,10.93,11.54
6299,-1.35,-3.06
6301,-4.14,-4.94
6302,23.6,23.89
6303,5.83,6.35
6304,-27.37,-27.05
6305,-15.43,-14.77
6306,-27.61,-27.95
6307,-22.95,-23.27
6308,-3.42,-3.1
6310,-16.89,-14.78
6311,-18.34,-18.74
6312,-23.41,-24.94
6313,-13.85,-14.36
6314,-14.39,-19.22
6316,-8.12,-9.5
6317,-21.4,-21.73
6318,30.3,29.9
6320,4.89,5.99
6321,-6.04,-6.27
6322,54.37,53.96
6323,48.49,47.82
6324,16.14,16.2
6325,3.97,5.81
6326,3.9,3.52
6327,3.98,3.58
6328,11.65,12.17
6329,13.47,13.39
6330,12.74,12.32
6331,13.52,12.5
6333,17.95,18.12
6334,-2.83,-3.77
6335,16.53,16.39
6336,10.71,10.77
6337,32.9,33.81
6340,-20.76,-19.51
6341,5.69,6.58
6342,-23.16,-23.68
6343,-3.82,-3.87
6344,-12.34,-11.23
6345,-8.71,-9.24
6347,-1.74,0.15
6348,-23.92,-23.18
6352,22.82,23.41
6355,-1.2,0.79
6356,-0.95,0.33
6357,11.02,11.14
6358,1.92,4.49
6359,10.11,10.21
6360,0.6,2.05
6361,-17.39,-18.47
6363,-17.12,-17.69
6364,-6.47,-7.04
6365,-18.37,-19.17
6367,-17.83,-17.7
6368,17.32,18.03
6369,11.04,9.91
6370,-25.02,-24.28
6371,-2.31,-1.63
6372,-3.49,-3.31
6373,-22.33,-22.3
6374,5.1,5.01
6375,-7.34,-6.64
6376,17.02,16.36
6377,-2.05,-2.78
6379,-0.8,-1.74
6380,60.77,64.32
6381,-8.38,-9.53
6382,13.79,13.32
6383,-19.71,-19.93
6384,-26.45,-28.64
6385,-18.85,-19.17
6386,-18.41,-18.61
6387,-13.17,-13.88
6388,-13.72,-16.6
6389,-21.28,-22
6391,-13.54,-14.16
6392,-27.04,-27.26
6393,-4.19,-4.66
6394,-23.48,-22.81
6395,-1.01,-1.3
6396,-1.96,-2.36
6397,18.76,19.01
6398,-28.17,-29.28
6399,-8.78,-7.63
6400,-41.01,-40.8
6401,-37.93,-37.13
6402,-14.55,-14.8
6403,-48.27,-47.18
6404,-33.83,-33.28
6405,-25.55,-26.2
6406,-34.48,-35.37
6407,-25.1,-24.63
6408,-34.16,-34.37
6409,-0.28,0.47
6410,-6.76,-6.85
6412,-9.22,-9.3
6414,-10.82,-10.14
6416,-1.18,-2.65
6417,-19.31,-22.33
6418,-24.23,-25.37
6419,-23.65,-22.42
6420,-29.26,-29.46
6421,-7.38,-6.58
6423,-30.95,-30.44
6424,-8.64,-8.23
6425,-3.08,-4.85
6426,-14.56,-13.07
6430,0.87,-0.94
6433,7.85,9.62
6434,5.96,7.71
6435,25.66,24.96
6436,27.61,28.43
6437,29.75,29.33
6439,11.29,11.78
6440,16.54,16.96
6441,14.96,14.17
6444,24.94,23.3
6445,17.86,17.17
6447,18.04,18.35
6448,41.19,43.11
6449,25.13,25.62
6450,30.03,28.84
6451,10.27,9.54
6452,-0.47,1.48
6454,44.56,45.37
6455,-3.04,-2.5
6456,16.86,17.3
6459,19.31,12.55
6460,4.01,4.21
6461,7.96,10.08
6462,0.53,1
6463,3.27,3.48
6466,2.12,2.87
6468,-2.27,-3.15
6469,5.11,6.63
6474,30.01,28.57
6475,26.49,26.79
6476,19.37,18.49
6477,-8.34,-8.54
6478,31.14,31.1
6479,8.71,8.52
6480,-7.09,-6.26
6481,32.82,32.34
6482,43.75,41.87
6483,7.46,8.42
6484,-4.7,-2.85
6485,-28.86,-29.61
6486,3.82,5.98
6487,-9.67,-8.28
6488,-1.26,1.14
6489,0.46,1.41
6490,-15.31,-12.76
6492,-25.75,-26.43
6493,-13.34,-13.09
6494,-15.1,-15.65
6495,-16.71,-16.26
6496,-16.32,-14.45
6497,-12.66,-13
6499,-14.99,-15.09
6500,-7.29,-2.82
6501,6.66,12.94
6503,-44.8,-43.83
6504,-37.18,-39.5
6506,14.26,10.76
6509,-25.9,-25.39
6510,-26.55,-31.62
6512,-26.52,-23.77
6513,-9.46,-11.71
6515,0.05,1.56
6516,-67.25,-67.56
6517,-18.47,-19.97
6518,4.54,3.97
6519,-32.53,-33.66
6520,4.22,5.64
6521,-10.02,-11.87
6522,-7.8,-5.36
6523,-14.27,-14.09
6524,-19.09,-21.74
6525,-43.96,-50.36
6526,-30.31,-33.72
6527,-39.94,-42.63
6529,-16.76,-15.49
6530,-27.53,-28.35
6531,-31.36,-33.95
6532,-46.43,-44.45
6534,-43.46,-44.87
6535,-19.18,-24.29
6537,-12.61,-14.03
6538,5.79,7.25
6539,1.8,2.07
6540,16.65,16.1
6541,-35.04,-35.94
6543,4.7,4.77
6546,0.06,1.23
6547,25,24.31
6549,38.66,38.43
6550,16.86,14.9
6551,37.05,36.8
6552,-11.82,-12.95
6553,-1.27,-2.42
6554,8.32,9.68
6555,-1.13,-1.68
6557,-8.5,-7.38
6558,4.78,2.21
6559,28.7,30.23
6560,5.86,6.47
6561,-9.19,-8.72
6562,-2.62,-2.5
6563,-5.05,-7.64
6564,-18.64,-19.99
6565,-20.92,-21.08
6566,-4.77,-5.97
6567,-39.31,-44.26
6568,-31.46,-31.49
6569,-31.64,-36.28
6570,-26.85,-27.02
6572,-23.84,-24.36
6573,-14.95,-15.23
6575,-49.35,-50.08
6576,-38.71,-38.08
6578,-20.77,-20.17
6579,7.91,9.44
6580,21.98,22.42
6582,0.11,1.55
6583,-29.68,-30.53
6584,-26.68,-28
6585,6.88,5.06
6586,15.11,16.21
6589,-25.94,-29.28
6590,5.12,5.19
6592,-29.98,-30.88
6593,-20.56,-19.81
6594,-18.51,-20.89
6596,-40.26,-45.6
6597,-39.6,-39.73
6599,-45.01,-44.7
6602,-36.97,-36.5
6605,-12.96,-12.98
6607,0.7,1.77
6608,-11.31,-12.07
6609,17.7,18.48
6612,-16.94,-18.24
6613,-18.57,-19.32
6614,-8.66,-8.85
6615,-10.45,-10.99
6618,-24.87,-24.91
6619,-9.08,-8.36
6621,-15.09,-14.74
6623,-1.46,-0.66
6624,-22.45,-22.16
6625,-4.7,-4.98
6627,2.31,3.65
6629,-0.31,-0.43
6630,-8.21,-8.71
6631,5.63,6.6
6632,13.01,12.59
6633,0.11,0.54
6634,-10.48,-10.26
6636,-19.46,-19.71
6637,15.54,15.27
6638,-6.77,-8.21
6640,35.93,36.31
6643,-22.55,-22.53
6644,-21.5,-20.7
6645,-20.7,-19.63
6646,-13.09,-11
6647,-28.61,-29.25
6649,-33.46,-33.49
6651,-4.08,-3.26
6653,3.05,2.76
6654,4.04,6.43
6655,-15.67,-15.6
6656,1.79,3.16
6657,-10.92,-9.8
6658,-23.45,-21.13
6659,-32.31,-32.15
6661,8.64,9.09
6662,16.05,17.26
6664,15.69,18.69
6665,40.79,42.97
6666,-9.24,-8.77
6667,-0.98,1.97
6668,9.85,13
6669,-5.37,-4.73
6670,4.12,8.22
6671,12.88,11.85
6672,-9.19,-12.52
6673,1.64,1.44
6674,-11.9,-11.17
6675,-3.31,-2.76
6677,-15.51,-16.71
6678,-43.58,-44.67
6679,-31.42,-31.55
6680,-22.6,-21.58
6683,-10.4,-11.58
6685,-1.16,-2.78
6686,2.86,7.04
6687,12.99,13.01
6688,7.81,8.35
6689,8.27,8.38
6691,10.88,11.32
6692,-0.01,-0.36
6693,11.48,11.36
6695,29.75,32.23
6697,32.11,32.38
6699,41.19,42.48
6700,20.08,20.54
6701,18.17,18.48
6702,42.71,43.4
6703,1.69,1.86
6704,-25.59,-25.78
6705,5.42,5.65
6706,1.45,0.33
6707,-24.94,-24.89
6708,-2.59,-2.12
6710,-13.88,-14.55
6711,7.21,8.42
6712,-13.07,-13.78
6713,-15.74,-14.96
6714,-12.74,-14.55
6715,8.33,6.79
6716,10.09,9.93
6717,-17.21,-17.75
6719,3.7,3.72
6720,-23.98,-23.72
6721,24.95,25.03
6722,23.05,23.22
6723,22.34,24
6724,49.91,50.76
6725,20.09,20.38
6726,16.81,17.06
6727,6.86,7.03
6729,11.65,13.23
6730,-1.73,-1.7
6731,-17.13,-17.44
6732,6.09,6.53
6733,1.18,3.32
6734,-1.02,-1.49
6735,-3.39,-3.66
6736,-32.12,-32.81
6737,-16.82,-14.39
6738,-16.38,-14.56
6739,-28.5,-27.69
6740,14.04,11.61
6741,20.23,19.43
6743,13.24,13.25
6744,4.48,4.98
6745,12.66,13.64
6746,5.92,6.58
6747,-18.43,-19.38
6749,-4.8,-3.49
6750,3.04,3.59
6751,21.42,21.42
6752,7.78,8.53
6753,29.49,30.35
6754,-18.47,-17.15
6756,1.79,3.21
6757,-9.47,-8.68
6758,-3,-0.85
6759,-3.88,-4.03
6760,25.2,27.66
6762,11.39,12.35
6763,-3.63,-4.15
6765,-1.74,0.72
6766,4.37,5.36
6767,0.94,3.13
6768,14.31,15.6
6769,-6.21,-7.11
6770,-2.64,-2.08
6771,-23.45,-21.62
6772,25.96,24.43
6773,-10.95,-11.92
6775,-41.25,-40.93
6777,-27.57,-27.6
6779,-30.66,-28.43
6782,6.18,7.23
6783,-42.56,-41.91
6784,-32.66,-33.49
6786,-1.92,-4.55
6788,-18.51,-18.36
6789,-5.37,-4.15
6790,-6.55,-6.5
6791,-14.18,-14.2
6792,-6.52,-6.65
6793,-6.49,-6.29
6794,1.92,1.42
6795,-1.27,-0.31
6797,-40.74,-38.18
6798,-32.19,-32.28
6800,-15.69,-16.25
6802,11.1,11.65
6803,20.34,19.96
6804,27.68,28.7
6805,30.25,29.98
6806,47.08,49.43
6810,-6.18,-6.11
6812,-13.01,-9.79
6813,33.3,32.86
6815,16.93,14.86
6816,8.95,6.72
6817,3.16,-0.56
6818,1.13,-1.08
6819,-6.73,-8.07
6820,20.41,23.65
6821,15.56,17.84
6822,32.71,33.17
6823,21.64,17.59
6824,0.25,0.05
6825,10.43,7
6826,6.78,5.89
6827,4.8,5.34
6828,5.34,4.47
6829,9.17,6.64
6831,7.81,6.28
6832,14.33,10.83
6835,14.7,13.06
6836,12.97,14.35
6837,14.19,13.08
6839,13.5,12.39
6840,32.5,31.82
6841,23.79,23.36
6842,33.58,32.95
6843,34.58,34.83
6844,35.36,34.33
6845,36.45,35.99
6847,36.09,36.04
6848,35.83,35.66
6849,24.78,22.92
6851,71.77,68.6
6852,20.38,19.9
6853,43.08,42.26
6854,23.93,22.22
6855,46.83,46.21
6857,65.55,66.73
6858,21.82,21.04
6859,41.87,42.05
6860,9.43,10.86
6861,36.34,36.01
6862,5.94,5.65
6863,9.71,9.05
6864,31.72,33.11
6865,1.83,1.92
6866,32.82,32.58
6867,54.3,52.43
6868,12.45,13.93
6869,11.26,10.53
6870,13.22,12.95
6871,39.77,40.28
6872,9.32,8.94
6875,42.5,42.93
6876,40.84,41.54
6877,11.57,10.85
6879,26.51,25.06
6880,49.38,48.07
6881,32.13,31.37
6883,33.98,35.17
6884,37.66,38.73
6885,30.05,30.18
6886,28.05,28.17
6887,49.89,50.25
6888,25.07,25.11
6889,45.96,45.56
6890,37.43,37.83
6891,23.15,23.43
6892,14.16,15.21
6893,30.16,29.71
6895,11.39,10.67
6896,31.94,31.81
6898,-3.33,-2.21
6900,6.97,6.9
6902,8.43,8.84
6906,-35.68,-35
6909,-8.97,-8.84
6910,-27.54,-26.94
6913,-28.91,-29.2
6914,-31.04,-31.49
6916,-29.24,-29.05
6918,-26.76,-25.85
6920,39.74,39.03
6921,-34.83,-34.07
6922,-27.08,-26.72
6923,-27.24,-27.55
6925,-38.92,-38.84
6930,-7.47,-6.73
6931,-25.96,-25
6936,-31.46,-30.35
6937,-23.99,-24.46
6938,-0.25,0.7
6940,-9.72,-8.99
6941,-36.01,-35.1
6942,-29.61,-30.36
6943,-29.78,-30.13
6944,-35.67,-34.94
6946,-27.78,-27.85
6947,-36.66,-36.07
6952,-33.61,-33.25
6953,-31.17,-32.26
6955,42.19,41.35
6958,-30.17,-30.15
6959,-29.63,-29.41
6961,-35.01,-36.03
6963,-37.59,-34.03
6964,-29.17,-27.22
6965,-27.89,-28.01
6966,-8.6,-8.29
6970,17.24,17.3
6971,-6.12,-6.69
6972,-26.75,-27.05
6973,-27.37,-26.13
6974,-40.02,-39.17
6975,-32.51,-30.97
6976,-2.37,-1.88
6977,56.69,58.49
6979,-9.43,-8.34
6980,-28.4,-30.37
6981,-29.47,-30.49
6982,-33.18,-33.27
6983,-36.45,-38.94
6984,-4.79,-3.73
6986,-25.01,-24.64
6987,-27.3,-27.75
6988,-5.53,-5.43
6989,-33.47,-33.82
6991,-0.71,0.81
6992,-29.64,-28.99
6994,-5.73,-5.74
6995,-33.3,-33.3
6996,-23.59,-23.63
6997,0.11,0.04
6998,-30.84,-31.59
6999,-28.21,-27.25
7000,-5.99,-3.72
7001,-34.71,-33.34
7005,-22.12,-22.67
7006,-1.06,-0.4
7007,-29,-28.87
7009,3.48,4.06
7011,-29.55,-28.94
7012,-5.35,-4.33
7013,-36.15,-34.77
7015,15.51,16.61
7016,-15.76,-16.08
7018,-4.77,-5.74
7020,-27.49,-27.06
7021,-2.67,-2.57
7022,-35.33,-34.99
7023,-28.25,-25.51
7024,-1.47,0.6
7025,-35.48,-32.93
7027,10.47,9.98
7028,-22.52,-22.84
7033,46.03,44.7
7034,45.09,44.56
7035,35.53,33.93
7037,37.85,36.65
7038,47.24,46.14
7039,48.02,48.74
7040,34.82,35.67
7042,38.32,37.67
7043,43.98,44.98
7044,42.45,42.97
7050,44.07,41.24
7055,90.2,90.44
7056,48.03,47.9
7057,77.96,79.07
7063,42.39,42.56
7064,44.15,42.41
7067,-19.05,-19.94
7070,21.43,21.71
7071,-1.47,-2.17
7072,4.46,3.44
7078,62.62,61.33
7080,-25.13,-25.81
7081,-19.24,-20.2
7083,-19.89,-21.45
7084,-21.6,-22.89
7085,-19.82,-18.98
7086,-15.2,-15
7088,-27.11,-27.23
7092,50.67,52.71
7098,-15.34,-15.08
7099,-13.03,-11.99
7100,-16.93,-18.14
7101,-16.65,-16.06
7102,-15.15,-13.33
7104,-22.65,-24.7
7112,46.73,46.51
7113,72.57,71.61
7117,46.62,46.02
7120,52.53,53.3
7122,4.52,4.57
7123,-1.11,-0.71
7124,-19.12,-17.41
7125,-18.4,-18.02
7127,-22.85,-22.1
7128,-19.86,-18.69
7129,1.16,0.79
7131,-2.83,-2.79
7132,-24.53,-24.7
7133,-25.83,-26.34
7134,-21.18,-22.55
7135,-21.15,-21.94
7137,4.33,3.42
7138,-1.77,-1.16
7139,-20.86,-18.15
7141,-24.74,-23.85
7142,-36.07,-34.83
7143,-21.02,-19.69
7144,-43.5,-44.63
7146,-36.15,-36.59
7147,-22.92,-22.13
7148,-41.98,-39.5
7149,-25.66,-23.23
7150,-37.8,-37.87
7151,-20.98,-20.37
7154,-40.03,-41.85
7160,20.6,19.59
7161,53.25,52.96
7162,48.87,49.11
7164,-2.04,-1.54
7166,2.27,2.62
7168,-2.59,-6.07
7169,-38.97,-37.26
7170,-24.26,-23.52
7171,-32.02,-30.9
7172,-20.08,-19.22
7173,-38.83,-38.43
7175,-33.97,-32.33
7176,-22.16,-21.5
7177,-38.7,-36.06
7178,-25.31,-23.45
7180,-20.45,-19.19
7181,-36.43,-35.87
7182,-27.69,-25.15
7187,93.67,97.59
7188,35.55,34.8
7189,50.58,51.83
7190,37.1,40.49
7191,38.92,43.6
7192,29.35,34.46
7199,44.84,50.4
7200,47.22,55.18
